"#name NameRandom ","#unique id","#collector sex type","#collector type",""
"id","sex","type","name","en"
"int","int","int","string","string"
"*","*","*","*","*"
"序号","性别","类型","字库","英文字库"
"1","1","1","左",""
"2","1","1","祖",""
"3","1","1","邹",""
"4","1","1","宗",""
"5","1","1","卓",""
"6","1","1","诸",""
"7","1","1","诸",""
"8","1","1","周",""
"9","1","1","仲",""
"10","1","1","支",""
"11","1","1","支",""
"12","1","1","郑",""
"13","1","1","甄",""
"14","1","1","赵",""
"15","1","1","章",""
"16","1","1","张",""
"17","1","1","詹",""
"18","1","1","翟",""
"19","1","1","袁",""
"20","1","1","元",""
"21","1","1","喻",""
"22","1","1","郁",""
"23","1","1","禹",""
"24","1","1","虞",""
"25","1","1","俞",""
"26","1","1","於",""
"27","1","1","余",""
"28","1","1","于",""
"29","1","1","尤",""
"30","1","1","应",""
"31","1","1","尹",""
"32","1","1","伊",""
"33","1","1","叶",""
"34","1","1","姚",""
"35","1","1","杨",""
"36","1","1","羊",""
"37","1","1","燕",""
"38","1","1","颜",""
"39","1","1","阎",""
"40","1","1","严",""
"41","1","1","荀",""
"42","1","1","薛",""
"43","1","1","宣",""
"44","1","1","许",""
"45","1","1","徐",""
"46","1","1","邢",""
"47","1","1","谢",""
"48","1","1","萧",""
"49","1","1","项",""
"50","1","1","向",""
"51","1","1","夏",""
"52","1","1","席",""
"53","1","1","武",""
"54","1","1","伍",""
"55","1","1","巫",""
"56","1","1","邬",""
"57","1","1","翁",""
"58","1","1","魏",""
"59","1","1","魏",""
"60","1","1","卫",""
"61","1","1","韦",""
"62","1","1","万",""
"63","1","1","童",""
"64","1","1","田",""
"65","1","1","滕",""
"66","1","1","陶",""
"67","1","1","唐",""
"68","1","1","谭",""
"69","1","1","汤",""
"70","1","1","苏",""
"71","1","1","宋",""
"72","1","1","史",""
"73","1","1","石",""
"74","1","1","施",""
"75","1","1","沈",""
"76","1","1","邵",""
"77","1","1","韶",""
"78","1","1","阮",""
"79","1","1","荣",""
"80","1","1","任",""
"81","1","1","屈",""
"82","1","1","裘",""
"83","1","1","秋",""
"84","1","1","邱",""
"85","1","1","秦",""
"86","1","1","乔",""
"87","1","1","钱",""
"88","1","1","齐",""
"89","1","1","祁",""
"90","1","1","戚",""
"91","1","1","彭",""
"92","1","1","裴",""
"93","1","1","庞",""
"94","1","1","潘",""
"95","1","1","钮",""
"96","1","1","宁",""
"97","1","1","牛",""
"98","1","1","那",""
"99","1","1","聂",""
"100","1","1","穆",""
"101","1","1","慕",""
"102","1","1","牧",""
"103","1","1","莫",""
"104","1","1","缪",""
"105","1","1","闵",""
"106","1","1","苗",""
"107","1","1","宓",""
"108","1","1","孟",""
"109","1","1","骆",""
"110","1","1","罗",""
"111","1","1","吕",""
"112","1","1","陆",""
"113","1","1","卢",""
"114","1","1","柳",""
"115","1","1","柳",""
"116","1","1","刘",""
"117","1","1","凌",""
"118","1","1","蔺",""
"119","1","1","粱",""
"120","1","1","廉",""
"121","1","1","连",""
"122","1","1","郦",""
"123","1","1","黎",""
"124","1","1","雷",""
"125","1","1","孔",""
"126","1","1","柯",""
"127","1","1","堪",""
"128","1","1","咎",""
"129","1","1","景",""
"130","1","1","经",""
"131","1","1","解",""
"132","1","1","姜",""
"133","1","1","贾",""
"134","1","1","家",""
"135","1","1","纪",""
"136","1","1","吉",""
"137","1","1","嵇",""
"138","1","1","霍",""
"139","1","1","惠",""
"140","1","1","华",""
"141","1","1","侯",""
"142","1","1","赫",""
"143","1","1","贺",""
"144","1","1","何",""
"145","1","1","郝",""
"146","1","1","杭",""
"147","1","1","管",""
"148","1","1","顾",""
"149","1","1","龚",""
"150","1","1","宫",""
"151","1","1","郜",""
"152","1","1","高",""
"153","1","1","傅",""
"154","1","1","符",""
"155","1","1","冯",""
"156","1","1","酆",""
"157","1","1","封",""
"158","1","1","费",""
"159","1","1","房",""
"160","1","1","方",""
"161","1","1","方",""
"162","1","1","范",""
"163","1","1","樊",""
"164","1","1","鄂",""
"165","1","1","段",""
"166","1","1","窦",""
"167","1","1","丁",""
"168","1","1","狄",""
"169","1","1","邓",""
"170","1","1","单",""
"171","1","1","崔",""
"172","1","1","仇",""
"173","1","1","程",""
"174","1","1","车",""
"175","1","1","常",""
"176","1","1","昌",""
"177","1","1","岑",""
"178","1","1","曹",""
"179","1","1","蔡",""
"180","1","1","卜",""
"181","1","1","毕",""
"182","1","1","贲",""
"183","1","1","鲍",""
"184","1","1","包",""
"185","1","1","柏",""
"186","1","1","白",""
"187","1","1","左丘",""
"188","1","1","子车",""
"189","1","1","诸葛",""
"190","1","1","宇文",""
"191","1","1","阳佟",""
"192","1","1","轩辕",""
"193","1","1","鲜于",""
"194","1","1","夏侯",""
"195","1","1","西门",""
"196","1","1","尉迟",""
"197","1","1","太叔",""
"198","1","1","司徒",""
"199","1","1","司空",""
"200","1","1","司空",""
"201","1","1","濮阳",""
"202","1","1","欧阳",""
"203","1","1","南宫",""
"204","1","1","慕容",""
"205","1","1","闾丘",""
"206","1","1","令狐",""
"207","1","1","乐正",""
"208","1","1","皇甫",""
"209","1","1","赫连",""
"210","1","1","归海",""
"211","1","1","谷粱",""
"212","1","1","公冶",""
"213","1","1","公西",""
"214","1","1","东郭",""
"215","1","1","东方",""
"216","1","1","单于",""
"217","1","1","淳于",""
"218","1","1","伯赏",""
"219","1","1","百里",""
"220","2","1","左",""
"221","2","1","祖",""
"222","2","1","邹",""
"223","2","1","宗",""
"224","2","1","卓",""
"225","2","1","诸",""
"226","2","1","诸",""
"227","2","1","周",""
"228","2","1","仲",""
"229","2","1","支",""
"230","2","1","支",""
"231","2","1","郑",""
"232","2","1","甄",""
"233","2","1","赵",""
"234","2","1","章",""
"235","2","1","张",""
"236","2","1","詹",""
"237","2","1","翟",""
"238","2","1","袁",""
"239","2","1","元",""
"240","2","1","喻",""
"241","2","1","郁",""
"242","2","1","禹",""
"243","2","1","虞",""
"244","2","1","俞",""
"245","2","1","於",""
"246","2","1","余",""
"247","2","1","于",""
"248","2","1","尤",""
"249","2","1","应",""
"250","2","1","尹",""
"251","2","1","伊",""
"252","2","1","叶",""
"253","2","1","姚",""
"254","2","1","杨",""
"255","2","1","羊",""
"256","2","1","燕",""
"257","2","1","颜",""
"258","2","1","阎",""
"259","2","1","严",""
"260","2","1","荀",""
"261","2","1","薛",""
"262","2","1","宣",""
"263","2","1","许",""
"264","2","1","徐",""
"265","2","1","邢",""
"266","2","1","谢",""
"267","2","1","萧",""
"268","2","1","项",""
"269","2","1","向",""
"270","2","1","夏",""
"271","2","1","席",""
"272","2","1","武",""
"273","2","1","伍",""
"274","2","1","巫",""
"275","2","1","邬",""
"276","2","1","翁",""
"277","2","1","魏",""
"278","2","1","魏",""
"279","2","1","卫",""
"280","2","1","韦",""
"281","2","1","万",""
"282","2","1","童",""
"283","2","1","田",""
"284","2","1","滕",""
"285","2","1","陶",""
"286","2","1","唐",""
"287","2","1","谭",""
"288","2","1","汤",""
"289","2","1","苏",""
"290","2","1","宋",""
"291","2","1","史",""
"292","2","1","石",""
"293","2","1","施",""
"294","2","1","沈",""
"295","2","1","邵",""
"296","2","1","韶",""
"297","2","1","阮",""
"298","2","1","荣",""
"299","2","1","任",""
"300","2","1","屈",""
"301","2","1","裘",""
"302","2","1","秋",""
"303","2","1","邱",""
"304","2","1","秦",""
"305","2","1","乔",""
"306","2","1","钱",""
"307","2","1","齐",""
"308","2","1","祁",""
"309","2","1","戚",""
"310","2","1","彭",""
"311","2","1","裴",""
"312","2","1","庞",""
"313","2","1","潘",""
"314","2","1","钮",""
"315","2","1","宁",""
"316","2","1","牛",""
"317","2","1","那",""
"318","2","1","聂",""
"319","2","1","穆",""
"320","2","1","慕",""
"321","2","1","牧",""
"322","2","1","莫",""
"323","2","1","缪",""
"324","2","1","闵",""
"325","2","1","苗",""
"326","2","1","宓",""
"327","2","1","孟",""
"328","2","1","骆",""
"329","2","1","罗",""
"330","2","1","吕",""
"331","2","1","陆",""
"332","2","1","卢",""
"333","2","1","柳",""
"334","2","1","柳",""
"335","2","1","刘",""
"336","2","1","凌",""
"337","2","1","蔺",""
"338","2","1","粱",""
"339","2","1","廉",""
"340","2","1","连",""
"341","2","1","郦",""
"342","2","1","黎",""
"343","2","1","雷",""
"344","2","1","孔",""
"345","2","1","柯",""
"346","2","1","堪",""
"347","2","1","咎",""
"348","2","1","景",""
"349","2","1","经",""
"350","2","1","解",""
"351","2","1","姜",""
"352","2","1","贾",""
"353","2","1","家",""
"354","2","1","纪",""
"355","2","1","吉",""
"356","2","1","嵇",""
"357","2","1","霍",""
"358","2","1","惠",""
"359","2","1","华",""
"360","2","1","侯",""
"361","2","1","赫",""
"362","2","1","贺",""
"363","2","1","何",""
"364","2","1","郝",""
"365","2","1","杭",""
"366","2","1","管",""
"367","2","1","顾",""
"368","2","1","龚",""
"369","2","1","宫",""
"370","2","1","郜",""
"371","2","1","高",""
"372","2","1","傅",""
"373","2","1","符",""
"374","2","1","冯",""
"375","2","1","酆",""
"376","2","1","封",""
"377","2","1","费",""
"378","2","1","房",""
"379","2","1","方",""
"380","2","1","方",""
"381","2","1","范",""
"382","2","1","樊",""
"383","2","1","鄂",""
"384","2","1","段",""
"385","2","1","窦",""
"386","2","1","丁",""
"387","2","1","狄",""
"388","2","1","邓",""
"389","2","1","单",""
"390","2","1","崔",""
"391","2","1","仇",""
"392","2","1","程",""
"393","2","1","车",""
"394","2","1","常",""
"395","2","1","昌",""
"396","2","1","岑",""
"397","2","1","曹",""
"398","2","1","蔡",""
"399","2","1","卜",""
"400","2","1","毕",""
"401","2","1","贲",""
"402","2","1","鲍",""
"403","2","1","包",""
"404","2","1","柏",""
"405","2","1","白",""
"406","2","1","左丘",""
"407","2","1","子车",""
"408","2","1","诸葛",""
"409","2","1","宇文",""
"410","2","1","阳佟",""
"411","2","1","轩辕",""
"412","2","1","鲜于",""
"413","2","1","夏侯",""
"414","2","1","西门",""
"415","2","1","尉迟",""
"416","2","1","太叔",""
"417","2","1","司徒",""
"418","2","1","司空",""
"419","2","1","司空",""
"420","2","1","濮阳",""
"421","2","1","欧阳",""
"422","2","1","南宫",""
"423","2","1","慕容",""
"424","2","1","闾丘",""
"425","2","1","令狐",""
"426","2","1","乐正",""
"427","2","1","皇甫",""
"428","2","1","赫连",""
"429","2","1","归海",""
"430","2","1","谷粱",""
"431","2","1","公冶",""
"432","2","1","公西",""
"433","2","1","东郭",""
"434","2","1","东方",""
"435","2","1","单于",""
"436","2","1","淳于",""
"437","2","1","伯赏",""
"438","2","1","百里",""
"439","1","2","安邦",""
"440","1","2","安翔",""
"441","1","2","宾白",""
"442","1","2","波涛",""
"443","1","2","博文",""
"444","1","2","才捷",""
"445","1","2","成仁",""
"446","1","2","承福",""
"447","1","2","承运",""
"448","1","2","飞昂",""
"449","1","2","飞虎",""
"450","1","2","飞宇",""
"451","1","2","刚豪",""
"452","1","2","高芬",""
"453","1","2","高邈",""
"454","1","2","高懿",""
"455","1","2","光明",""
"456","1","2","晗昱",""
"457","1","2","涵意",""
"458","1","2","瀚玥",""
"459","1","2","浩浩",""
"460","1","2","浩思",""
"461","1","2","和洽",""
"462","1","2","和怡",""
"463","1","2","弘方",""
"464","1","2","弘伟",""
"465","1","2","宏伯",""
"466","1","2","宏阔",""
"467","1","2","宏义",""
"468","1","2","鸿达",""
"469","1","2","鸿信",""
"470","1","2","鸿志",""
"471","1","2","华茂",""
"472","1","2","嘉赐",""
"473","1","2","嘉容",""
"474","1","2","嘉勋",""
"475","1","2","嘉祯",""
"476","1","2","建弼",""
"477","1","2","建章",""
"478","1","2","经纬",""
"479","1","2","景山",""
"480","1","2","俊才",""
"481","1","2","俊郎",""
"482","1","2","俊爽",""
"483","1","2","俊誉",""
"484","1","2","开畅",""
"485","1","2","凯捷",""
"486","1","2","康复",""
"487","1","2","乐安",""
"488","1","2","乐水",""
"489","1","2","乐悦",""
"490","1","2","力言",""
"491","1","2","良畴",""
"492","1","2","茂才",""
"493","1","2","敏学",""
"494","1","2","明轩",""
"495","1","2","朋兴",""
"496","1","2","鹏飞",""
"497","1","2","濮存",""
"498","1","2","奇略",""
"499","1","2","奇志",""
"500","1","2","荣轩",""
"501","1","2","锐泽",""
"502","1","2","睿广",""
"503","1","2","绍辉",""
"504","1","2","斯年",""
"505","1","2","泰初",""
"506","1","2","天干",""
"507","1","2","天逸",""
"508","1","2","同济",""
"509","1","2","巍昂",""
"510","1","2","伟泽",""
"511","1","2","文德",""
"512","1","2","文山",""
"513","1","2","向晨",""
"514","1","2","心思",""
"515","1","2","新觉",""
"516","1","2","兴朝",""
"517","1","2","兴文",""
"518","1","2","星汉",""
"519","1","2","星渊",""
"520","1","2","修然",""
"521","1","2","学博",""
"522","1","2","雅昶",""
"523","1","2","阳冰",""
"524","1","2","阳舒",""
"525","1","2","阳泽",""
"526","1","2","毅然",""
"527","1","2","意致",""
"528","1","2","英华",""
"529","1","2","英耀",""
"530","1","2","永昌",""
"531","1","2","永言",""
"532","1","2","勇毅",""
"533","1","2","玉宸",""
"534","1","2","玉泽",""
"535","1","2","元良",""
"536","1","2","远航",""
"537","1","2","展鹏",""
"538","1","2","正平",""
"539","1","2","正志",""
"540","1","2","志业",""
"541","1","2","子晋",""
"542","1","2","子轩",""
"543","1","2","安福",""
"544","1","2","安晏",""
"545","1","2","宾鸿",""
"546","1","2","博瀚",""
"547","1","2","博学",""
"548","1","2","才良",""
"549","1","2","成双",""
"550","1","2","承基",""
"551","1","2","承载",""
"552","1","2","飞白",""
"553","1","2","飞捷",""
"554","1","2","飞羽",""
"555","1","2","刚洁",""
"556","1","2","高峯",""
"557","1","2","高旻",""
"558","1","2","高原",""
"559","1","2","光启",""
"560","1","2","晗日",""
"561","1","2","涵映",""
"562","1","2","翰藻",""
"563","1","2","昊英",""
"564","1","2","浩慨",""
"565","1","2","浩言",""
"566","1","2","和惬",""
"567","1","2","和玉",""
"568","1","2","弘光",""
"569","1","2","弘文",""
"570","1","2","宏博",""
"571","1","2","宏朗",""
"572","1","2","宏逸",""
"573","1","2","鸿德",""
"574","1","2","鸿轩",""
"575","1","2","鸿卓",""
"576","1","2","华美",""
"577","1","2","嘉德",""
"578","1","2","嘉瑞",""
"579","1","2","嘉言",""
"580","1","2","嘉志",""
"581","1","2","建德",""
"582","1","2","建中",""
"583","1","2","经武",""
"584","1","2","景胜",""
"585","1","2","俊材",""
"586","1","2","俊力",""
"587","1","2","俊悟",""
"588","1","2","俊远",""
"589","1","2","开诚",""
"590","1","2","凯凯",""
"591","1","2","康健",""
"592","1","2","乐邦",""
"593","1","2","乐天",""
"594","1","2","乐湛",""
"595","1","2","立诚",""
"596","1","2","良工",""
"597","1","2","茂材",""
"598","1","2","敏智",""
"599","1","2","明远",""
"600","1","2","朋义",""
"601","1","2","鹏赋",""
"602","1","2","溥心",""
"603","1","2","奇迈",""
"604","1","2","奇致",""
"605","1","2","锐达",""
"606","1","2","锐阵",""
"607","1","2","睿好",""
"608","1","2","绍钧",""
"609","1","2","斯伯",""
"610","1","2","泰和",""
"611","1","2","天罡",""
"612","1","2","天佑",""
"613","1","2","巍然",""
"614","1","2","伟兆",""
"615","1","2","文栋",""
"616","1","2","文石",""
"617","1","2","向笛",""
"618","1","2","心远",""
"619","1","2","新立",""
"620","1","2","兴德",""
"621","1","2","兴贤",""
"622","1","2","星河",""
"623","1","2","星洲",""
"624","1","2","修为",""
"625","1","2","学海",""
"626","1","2","雅畅",""
"627","1","2","阳波",""
"628","1","2","阳朔",""
"629","1","2","阳州",""
"630","1","2","逸文",""
"631","1","2","意智",""
"632","1","2","英杰",""
"633","1","2","英奕",""
"634","1","2","永长",""
"635","1","2","永逸",""
"636","1","2","宇达",""
"637","1","2","玉成",""
"638","1","2","煜祺",""
"639","1","2","元亮",""
"640","1","2","苑博",""
"641","1","2","哲瀚",""
"642","1","2","正奇",""
"643","1","2","志诚",""
"644","1","2","志义",""
"645","1","2","子民",""
"646","1","2","子瑜",""
"647","1","2","巍奕",""
"648","1","2","伟志",""
"649","1","2","文赋",""
"650","1","2","文星",""
"651","1","2","向文",""
"652","1","2","欣德",""
"653","1","2","新荣",""
"654","1","2","兴发",""
"655","1","2","兴修",""
"656","1","2","星华",""
"657","1","2","修诚",""
"658","1","2","修伟",""
"659","1","2","学林",""
"660","1","2","雅达",""
"661","1","2","阳伯",""
"662","1","2","阳文",""
"663","1","2","烨赫",""
"664","1","2","逸明",""
"665","1","2","熠彤",""
"666","1","2","英朗",""
"667","1","2","英逸",""
"668","1","2","永丰",""
"669","1","2","永元",""
"670","1","2","宇航",""
"671","1","2","玉龙",""
"672","1","2","元白",""
"673","1","2","元龙",""
"674","1","2","苑杰",""
"675","1","2","哲茂",""
"676","1","2","正青",""
"677","1","2","志气",""
"678","1","2","志用",""
"679","1","2","子明",""
"680","1","2","自明",""
"681","1","2","泰河",""
"682","1","2","天工",""
"683","1","2","天宇",""
"684","1","2","安歌",""
"685","1","2","安宜",""
"686","1","2","宾实",""
"687","1","2","博超",""
"688","1","2","博雅",""
"689","1","2","才艺",""
"690","1","2","成天",""
"691","1","2","承教",""
"692","1","2","承泽",""
"693","1","2","飞飙",""
"694","1","2","飞龙",""
"695","1","2","飞雨",""
"696","1","2","刚捷",""
"697","1","2","高峰",""
"698","1","2","高明",""
"699","1","2","高远",""
"700","1","2","光熙",""
"701","1","2","涵畅",""
"702","1","2","涵育",""
"703","1","2","瀚海",""
"704","1","2","浩波",""
"705","1","2","浩旷",""
"706","1","2","皓轩",""
"707","1","2","和顺",""
"708","1","2","和裕",""
"709","1","2","弘和",""
"710","1","2","弘新",""
"711","1","2","宏才",""
"712","1","2","宏茂",""
"713","1","2","宏毅",""
"714","1","2","鸿飞",""
"715","1","2","鸿玄",""
"716","1","2","华奥",""
"717","1","2","华情",""
"718","1","2","嘉福",""
"719","1","2","嘉胜",""
"720","1","2","嘉谊",""
"721","1","2","嘉致",""
"722","1","2","建画",""
"723","1","2","健柏",""
"724","1","2","经业",""
"725","1","2","景铄",""
"726","1","2","俊驰",""
"727","1","2","俊良",""
"728","1","2","俊晤",""
"729","1","2","俊哲",""
"730","1","2","开宇",""
"731","1","2","凯康",""
"732","1","2","康乐",""
"733","1","2","乐成",""
"734","1","2","乐童",""
"735","1","2","乐章",""
"736","1","2","立果",""
"737","1","2","良翰",""
"738","1","2","茂德",""
"739","1","2","明诚",""
"740","1","2","明哲",""
"741","1","2","彭勃",""
"742","1","2","鹏海",""
"743","1","2","璞玉",""
"744","1","2","奇胜",""
"745","1","2","祺福",""
"746","1","2","锐锋",""
"747","1","2","锐志",""
"748","1","2","睿明",""
"749","1","2","绍祺",""
"750","1","2","安国",""
"751","1","2","安怡",""
"752","1","2","彬彬",""
"753","1","2","博达",""
"754","1","2","博延",""
"755","1","2","才英",""
"756","1","2","成文",""
"757","1","2","承平",""
"758","1","2","承久",""
"759","1","2","飞掣",""
"760","1","2","飞鸾",""
"761","1","2","飞语",""
"762","1","2","刚毅",""
"763","1","2","高歌",""
"764","1","2","高爽",""
"765","1","2","高韵",""
"766","1","2","光遥",""
"767","1","2","涵涤",""
"768","1","2","翰采",""
"769","1","2","瀚漠",""
"770","1","2","浩博",""
"771","1","2","浩阔",""
"772","1","2","和蔼",""
"773","1","2","和硕",""
"774","1","2","和豫",""
"775","1","2","弘厚",""
"776","1","2","弘雅",""
"777","1","2","宏畅",""
"778","1","2","宏邈",""
"779","1","2","宏远",""
"780","1","2","鸿风",""
"781","1","2","鸿煊",""
"782","1","2","华采",""
"783","1","2","华荣",""
"784","1","2","嘉良",""
"785","1","2","嘉石",""
"786","1","2","嘉懿",""
"787","1","2","坚白",""
"788","1","2","建铭",""
"789","1","2","金鑫",""
"790","1","2","经义",""
"791","1","2","景天",""
"792","1","2","俊楚",""
"793","1","2","俊迈",""
"794","1","2","俊侠",""
"795","1","2","俊喆",""
"796","1","2","开济",""
"797","1","2","凯乐",""
"798","1","2","康宁",""
"799","1","2","乐池",""
"800","1","2","乐贤",""
"801","1","2","乐正",""
"802","1","2","立人",""
"803","1","2","良吉",""
"804","1","2","茂典",""
"805","1","2","明达",""
"806","1","2","明喆",""
"807","1","2","彭薄",""
"808","1","2","鹏鲸",""
"809","1","2","璞瑜",""
"810","1","2","奇水",""
"811","1","2","祺然",""
"812","1","2","锐翰",""
"813","1","2","锐智",""
"814","1","2","睿识",""
"815","1","2","绍元",""
"816","1","2","泰鸿",""
"817","1","2","天翰",""
"818","1","2","天元",""
"819","1","2","伟博",""
"820","1","2","温纶",""
"821","1","2","文光",""
"822","1","2","文轩",""
"823","1","2","向明",""
"824","1","2","欣嘉",""
"825","1","2","新知",""
"826","1","2","兴国",""
"827","1","2","兴学",""
"828","1","2","星晖",""
"829","1","2","修德",""
"830","1","2","修文",""
"831","1","2","学民",""
"832","1","2","雅惠",""
"833","1","2","阳成",""
"834","1","2","阳曦",""
"835","1","2","烨华",""
"836","1","2","逸春",""
"837","1","2","懿轩",""
"838","1","2","英锐",""
"839","1","2","英毅",""
"840","1","2","永福",""
"841","1","2","永贞",""
"842","1","2","宇寰",""
"843","1","2","玉泉",""
"844","1","2","元德",""
"845","1","2","元明",""
"846","1","2","越彬",""
"847","1","2","哲圣",""
"848","1","2","正卿",""
"849","1","2","志勇",""
"850","1","2","志泽",""
"851","1","2","子默",""
"852","1","2","自强",""
"853","1","2","安和",""
"854","1","2","安易",""
"855","1","2","彬炳",""
"856","1","2","博厚",""
"857","1","2","博艺",""
"858","1","2","才哲",""
"859","1","2","成业",""
"860","1","2","承嗣",""
"861","1","2","飞尘",""
"862","1","2","飞鸣",""
"863","1","2","飞跃",""
"864","1","2","高昂",""
"865","1","2","高格",""
"866","1","2","高兴",""
"867","1","2","高卓",""
"868","1","2","光誉",""
"869","1","2","涵亮",""
"870","1","2","翰池",""
"871","1","2","昊苍",""
"872","1","2","浩初",""
"873","1","2","浩漫",""
"874","1","2","和安",""
"875","1","2","和颂",""
"876","1","2","和悦",""
"877","1","2","弘化",""
"878","1","2","弘扬",""
"879","1","2","宏达",""
"880","1","2","宏儒",""
"881","1","2","宏壮",""
"882","1","2","鸿福",""
"883","1","2","鸿雪",""
"884","1","2","华彩",""
"885","1","2","华容",""
"886","1","2","嘉茂",""
"887","1","2","嘉实",""
"888","1","2","嘉颖",""
"889","1","2","坚壁",""
"890","1","2","建茗",""
"891","1","2","锦程",""
"892","1","2","经艺",""
"893","1","2","景同",""
"894","1","2","俊达",""
"895","1","2","俊茂",""
"896","1","2","俊贤",""
"897","1","2","俊智",""
"898","1","2","开霁",""
"899","1","2","凯旋",""
"900","1","2","康平",""
"901","1","2","乐和",""
"902","1","2","乐心",""
"903","1","2","乐志",""
"904","1","2","立辉",""
"905","1","2","良骥",""
"906","1","2","茂实",""
"907","1","2","明德",""
"908","1","2","明知",""
"909","1","2","彭湃",""
"910","1","2","鹏举",""
"911","1","2","浦和",""
"912","1","2","奇思",""
"913","1","2","祺祥",""
"914","1","2","锐进",""
"915","1","2","睿博",""
"916","1","2","睿思",""
"917","1","2","升荣",""
"918","1","2","泰华",""
"919","1","2","天和",""
"920","1","2","天韵",""
"921","1","2","伟毅",""
"922","1","2","温茂",""
"923","1","2","文翰",""
"924","1","2","文宣",""
"925","1","2","向荣",""
"926","1","2","欣可",""
"927","1","2","信鸿",""
"928","1","2","兴怀",""
"929","1","2","兴言",""
"930","1","2","星火",""
"931","1","2","修杰",""
"932","1","2","修雅",""
"933","1","2","学名",""
"934","1","2","雅健",""
"935","1","2","阳德",""
"936","1","2","阳夏",""
"937","1","2","烨磊",""
"938","1","2","宜春",""
"939","1","2","英飙",""
"940","1","2","英睿",""
"941","1","2","英哲",""
"942","1","2","永嘉",""
"943","1","2","咏德",""
"944","1","2","宇文",""
"945","1","2","玉山",""
"946","1","2","元化",""
"947","1","2","元青",""
"948","1","2","蕴涵",""
"949","1","2","哲彦",""
"950","1","2","正文",""
"951","1","2","志鹤",""
"952","1","2","致远",""
"953","1","2","子墨",""
"954","1","2","作人",""
"955","1","2","安康",""
"956","1","2","安志",""
"957","1","2","彬郁",""
"958","1","2","博简",""
"959","1","2","博易",""
"960","1","2","才俊",""
"961","1","2","成益",""
"962","1","2","承天",""
"963","1","2","飞沉",""
"964","1","2","飞鹏",""
"965","1","2","飞章",""
"966","1","2","高岑",""
"967","1","2","高寒",""
"968","1","2","高轩",""
"969","1","2","光赫",""
"970","1","2","光远",""
"971","1","2","涵忍",""
"972","1","2","翰飞",""
"973","1","2","昊昊",""
"974","1","2","浩大",""
"975","1","2","浩淼",""
"976","1","2","和璧",""
"977","1","2","和泰",""
"978","1","2","和韵",""
"979","1","2","弘济",""
"980","1","2","弘业",""
"981","1","2","宏大",""
"982","1","2","宏深",""
"983","1","2","鸿宝",""
"984","1","2","鸿光",""
"985","1","2","鸿羽",""
"986","1","2","华灿",""
"987","1","2","嘉木",""
"988","1","2","嘉树",""
"989","1","2","嘉佑",""
"990","1","2","坚秉",""
"991","1","2","建木",""
"992","1","2","瑾瑜",""
"993","1","2","景澄",""
"994","1","2","景曜",""
"995","1","2","俊德",""
"996","1","2","俊美",""
"997","1","2","俊雄",""
"998","1","2","峻熙",""
"999","1","2","开朗",""
"1000","1","2","凯泽",""
"1001","1","2","康胜",""
"1002","1","2","乐家",""
"1003","1","2","乐欣",""
"1004","1","2","黎昕",""
"1005","1","2","立轩",""
"1006","1","2","良俊",""
"1007","1","2","茂学",""
"1008","1","2","明辉",""
"1009","1","2","明志",""
"1010","1","2","彭彭",""
"1011","1","2","鹏鹍",""
"1012","1","2","浦泽",""
"1013","1","2","奇邃",""
"1014","1","2","祺瑞",""
"1015","1","2","锐精",""
"1016","1","2","睿才",""
"1017","1","2","圣杰",""
"1018","1","2","泰宁",""
"1019","1","2","天华",""
"1020","1","2","天泽",""
"1021","1","2","伟才",""
"1022","1","2","温书",""
"1023","1","2","文虹",""
"1024","1","2","文彦",""
"1025","1","2","向阳",""
"1026","1","2","欣然",""
"1027","1","2","信厚",""
"1028","1","2","兴平",""
"1029","1","2","兴业",""
"1030","1","2","星剑",""
"1031","1","2","修洁",""
"1032","1","2","修永",""
"1033","1","2","学文",""
"1034","1","2","雅珺",""
"1035","1","2","阳华",""
"1036","1","2","阳旭",""
"1037","1","2","烨霖",""
"1038","1","2","宜民",""
"1039","1","2","英博",""
"1040","1","2","英叡",""
"1041","1","2","英喆",""
"1042","1","2","咏歌",""
"1043","1","2","宇荫",""
"1044","1","2","玉石",""
"1045","1","2","元基",""
"1046","1","2","元思",""
"1047","1","2","蕴和",""
"1048","1","2","振海",""
"1049","1","2","正祥",""
"1050","1","2","志国",""
"1051","1","2","智明",""
"1052","1","2","子平",""
"1053","1","2","自怡",""
"1054","1","2","安澜",""
"1055","1","2","昂然",""
"1056","1","2","斌斌",""
"1057","1","2","博明",""
"1058","1","2","博裕",""
"1059","1","2","成和",""
"1060","1","2","成荫",""
"1061","1","2","承望",""
"1062","1","2","德容",""
"1063","1","2","德运",""
"1064","1","2","飞驰",""
"1065","1","2","飞扬",""
"1066","1","2","飞舟",""
"1067","1","2","高畅",""
"1068","1","2","高翰",""
"1069","1","2","高雅",""
"1070","1","2","光华",""
"1071","1","2","国安",""
"1072","1","2","涵容",""
"1073","1","2","翰海",""
"1074","1","2","昊空",""
"1075","1","2","浩宕",""
"1076","1","2","浩渺",""
"1077","1","2","和昶",""
"1078","1","2","和悌",""
"1079","1","2","和泽",""
"1080","1","2","弘阔",""
"1081","1","2","弘义",""
"1082","1","2","宏放",""
"1083","1","2","宏胜",""
"1084","1","2","鸿波",""
"1085","1","2","鸿晖",""
"1086","1","2","鸿远",""
"1087","1","2","华藏",""
"1088","1","2","嘉慕",""
"1089","1","2","嘉澍",""
"1090","1","2","嘉玉",""
"1091","1","2","坚成",""
"1092","1","2","建树",""
"1093","1","2","晋鹏",""
"1094","1","2","景福",""
"1095","1","2","靖琪",""
"1096","1","2","俊发",""
"1097","1","2","俊民",""
"1098","1","2","俊雅",""
"1099","1","2","季萌",""
"1100","1","2","凯安",""
"1101","1","2","恺歌",""
"1102","1","2","康盛",""
"1103","1","2","乐康",""
"1104","1","2","乐逸",""
"1105","1","2","黎明",""
"1106","1","2","立群",""
"1107","1","2","良骏",""
"1108","1","2","茂勋",""
"1109","1","2","明杰",""
"1110","1","2","明智",""
"1111","1","2","彭魄",""
"1112","1","2","鹏鲲",""
"1113","1","2","奇伟",""
"1114","1","2","琪睿",""
"1115","1","2","锐立",""
"1116","1","2","睿诚",""
"1117","1","2","晟睿",""
"1118","1","2","泰平",""
"1119","1","2","天骄",""
"1120","1","2","天纵",""
"1121","1","2","伟诚",""
"1122","1","2","温韦",""
"1123","1","2","文烨",""
"1124","1","2","文曜",""
"1125","1","2","翔宇",""
"1126","1","2","欣荣",""
"1127","1","2","信鸥",""
"1128","1","2","兴庆",""
"1129","1","2","兴运",""
"1130","1","2","星津",""
"1131","1","2","修谨",""
"1132","1","2","修远",""
"1133","1","2","学义",""
"1134","1","2","雅逸",""
"1135","1","2","阳晖",""
"1136","1","2","阳煦",""
"1137","1","2","烨然",""
"1138","1","2","宜年",""
"1139","1","2","英才",""
"1140","1","2","英韶",""
"1141","1","2","英卓",""
"1142","1","2","永年",""
"1143","1","2","咏思",""
"1144","1","2","雨伯",""
"1145","1","2","玉书",""
"1146","1","2","元嘉",""
"1147","1","2","元纬",""
"1148","1","2","蕴藉",""
"1149","1","2","振国",""
"1150","1","2","正信",""
"1151","1","2","志强",""
"1152","1","2","智鑫",""
"1153","1","2","子琪",""
"1154","1","2","自珍",""
"1155","1","2","安民",""
"1156","1","2","昂雄",""
"1157","1","2","斌蔚",""
"1158","1","2","博容",""
"1159","1","2","博远",""
"1160","1","2","成弘",""
"1161","1","2","成周",""
"1162","1","2","承宣",""
"1163","1","2","德润",""
"1164","1","2","德泽",""
"1165","1","2","飞光",""
"1166","1","2","飞文",""
"1167","1","2","风华",""
"1168","1","2","高超",""
"1169","1","2","高杰",""
"1170","1","2","高扬",""
"1171","1","2","光辉",""
"1172","1","2","国兴",""
"1173","1","2","涵润",""
"1174","1","2","翰翮",""
"1175","1","2","昊乾",""
"1176","1","2","浩荡",""
"1177","1","2","浩邈",""
"1178","1","2","和畅",""
"1179","1","2","和通",""
"1180","1","2","和正",""
"1181","1","2","弘亮",""
"1182","1","2","弘益",""
"1183","1","2","宏富",""
"1184","1","2","宏盛",""
"1185","1","2","鸿博",""
"1186","1","2","鸿朗",""
"1187","1","2","鸿云",""
"1188","1","2","华池",""
"1189","1","2","嘉纳",""
"1190","1","2","嘉熙",""
"1191","1","2","嘉誉",""
"1192","1","2","坚诚",""
"1193","1","2","建同",""
"1194","1","2","经赋",""
"1195","1","2","景焕",""
"1196","1","2","君昊",""
"1197","1","2","俊风",""
"1198","1","2","俊名",""
"1199","1","2","俊彦",""
"1200","1","2","季同",""
"1201","1","2","凯唱",""
"1202","1","2","恺乐",""
"1203","1","2","康时",""
"1204","1","2","乐人",""
"1205","1","2","乐意",""
"1206","1","2","力夫",""
"1207","1","2","良奥",""
"1208","1","2","良朋",""
"1209","1","2","茂彦",""
"1210","1","2","明俊",""
"1211","1","2","明珠",""
"1212","1","2","彭越",""
"1213","1","2","鹏涛",""
"1214","1","2","奇玮",""
"1215","1","2","庆生",""
"1216","1","2","锐利",""
"1217","1","2","睿慈",""
"1218","1","2","思聪",""
"1219","1","2","泰清",""
"1220","1","2","天空",""
"1221","1","2","同方",""
"1222","1","2","伟茂",""
"1223","1","2","温文",""
"1224","1","2","文康",""
"1225","1","2","文耀",""
"1226","1","2","翔飞",""
"1227","1","2","欣怡",""
"1228","1","2","信然",""
"1229","1","2","兴生",""
"1230","1","2","星波",""
"1231","1","2","星阑",""
"1232","1","2","修筠",""
"1233","1","2","修真",""
"1234","1","2","学真",""
"1235","1","2","雅懿",""
"1236","1","2","阳辉",""
"1237","1","2","阳炎",""
"1238","1","2","烨烁",""
"1239","1","2","宜然",""
"1240","1","2","英达",""
"1241","1","2","英卫",""
"1242","1","2","英资",""
"1243","1","2","永宁",""
"1244","1","2","咏志",""
"1245","1","2","雨华",""
"1246","1","2","玉树",""
"1247","1","2","元甲",""
"1248","1","2","元武",""
"1249","1","2","正诚",""
"1250","1","2","正雅",""
"1251","1","2","志尚",""
"1252","1","2","智勇",""
"1253","1","2","子石",""
"1254","1","2","曾琪",""
"1255","1","2","安宁",""
"1256","1","2","滨海",""
"1257","1","2","博赡",""
"1258","1","2","成化",""
"1259","1","2","承安",""
"1260","1","2","承颜",""
"1261","1","2","飞翰",""
"1262","1","2","飞翔",""
"1263","1","2","丰茂",""
"1264","1","2","高驰",""
"1265","1","2","高洁",""
"1266","1","2","高阳",""
"1267","1","2","光济",""
"1268","1","2","国源",""
"1269","1","2","涵涵",""
"1270","1","2","翰林",""
"1271","1","2","昊穹",""
"1272","1","2","浩歌",""
"1273","1","2","浩气",""
"1274","1","2","和风",""
"1275","1","2","和同",""
"1276","1","2","和志",""
"1277","1","2","弘量",""
"1278","1","2","弘毅",""
"1279","1","2","宏峻",""
"1280","1","2","宏爽",""
"1281","1","2","鸿才",""
"1282","1","2","鸿文",""
"1283","1","2","鸿运",""
"1284","1","2","华翰",""
"1285","1","2","嘉平",""
"1286","1","2","嘉禧",""
"1287","1","2","嘉悦",""
"1288","1","2","建安",""
"1289","1","2","建修",""
"1290","1","2","经亘",""
"1291","1","2","景慧",""
"1292","1","2","君浩",""
"1293","1","2","俊豪",""
"1294","1","2","俊明",""
"1295","1","2","俊逸",""
"1296","1","2","凯定",""
"1297","1","2","康安",""
"1298","1","2","康适",""
"1299","1","2","乐容",""
"1300","1","2","乐音",""
"1301","1","2","力强",""
"1302","1","2","良弼",""
"1303","1","2","良平",""
"1304","1","2","敏博",""
"1305","1","2","明朗",""
"1306","1","2","彭泽",""
"1307","1","2","鹏天",""
"1308","1","2","奇文",""
"1309","1","2","锐思",""
"1310","1","2","睿聪",""
"1311","1","2","思淼",""
"1312","1","2","泰然",""
"1313","1","2","天禄",""
"1314","1","2","同甫",""
"1315","1","2","伟懋",""
"1316","1","2","温瑜",""
"1317","1","2","文乐",""
"1318","1","2","文斌",""
"1319","1","2","项禹",""
"1320","1","2","欣怿",""
"1321","1","2","信瑞",""
"1322","1","2","兴思",""
"1323","1","2","星辰",""
"1324","1","2","星纬",""
"1325","1","2","修明",""
"1326","1","2","修竹",""
"1327","1","2","雪松",""
"1328","1","2","雅志",""
"1329","1","2","阳嘉",""
"1330","1","2","阳焱",""
"1331","1","2","烨伟",""
"1332","1","2","宜人",""
"1333","1","2","英发",""
"1334","1","2","英武",""
"1335","1","2","英纵",""
"1336","1","2","永寿",""
"1337","1","2","勇男",""
"1338","1","2","雨石",""
"1339","1","2","玉堂",""
"1340","1","2","元驹",""
"1341","1","2","元勋",""
"1342","1","2","正初",""
"1343","1","2","正阳",""
"1344","1","2","志专",""
"1345","1","2","智敏",""
"1346","1","2","子实",""
"1347","1","2","泽宇",""
"1348","1","2","安平",""
"1349","1","2","波光",""
"1350","1","2","博涉",""
"1351","1","2","成济",""
"1352","1","2","承弼",""
"1353","1","2","承业",""
"1354","1","2","德水",""
"1355","1","2","飞航",""
"1356","1","2","飞星",""
"1357","1","2","丰羽",""
"1358","1","2","高达",""
"1359","1","2","高峻",""
"1360","1","2","高义",""
"1361","1","2","光霁",""
"1362","1","2","冠宇",""
"1363","1","2","涵煦",""
"1364","1","2","翰墨",""
"1365","1","2","浩染",""
"1366","1","2","浩广",""
"1367","1","2","浩然",""
"1368","1","2","和歌",""
"1369","1","2","和煦",""
"1370","1","2","鹤轩",""
"1371","1","2","弘深",""
"1372","1","2","弘懿",""
"1373","1","2","宏浚",""
"1374","1","2","宏硕",""
"1375","1","2","鸿彩",""
"1376","1","2","鸿熙",""
"1377","1","2","鸿哲",""
"1378","1","2","华皓",""
"1379","1","2","嘉庆",""
"1380","1","2","嘉祥",""
"1381","1","2","嘉运",""
"1382","1","2","建白",""
"1383","1","2","建业",""
"1384","1","2","惊风",""
"1385","1","2","景辉",""
"1386","1","2","俊艾",""
"1387","1","2","俊健",""
"1388","1","2","俊楠",""
"1389","1","2","俊英",""
"1390","1","2","凯风",""
"1391","1","2","康伯",""
"1392","1","2","康顺",""
"1393","1","2","乐山",""
"1394","1","2","乐咏",""
"1395","1","2","力勤",""
"1396","1","2","良才",""
"1397","1","2","良哲",""
"1398","1","2","敏才",""
"1399","1","2","明亮",""
"1400","1","2","彭祖",""
"1401","1","2","鹏翼",""
"1402","1","2","奇希",""
"1403","1","2","锐逸",""
"1404","1","2","睿达",""
"1405","1","2","思源",""
"1406","1","2","天材",""
"1407","1","2","天路",""
"1408","1","2","同光",""
"1409","1","2","伟祺",""
"1410","1","2","文柏",""
"1411","1","2","文林",""
"1412","1","2","文彬",""
"1413","1","2","项明",""
"1414","1","2","欣悦",""
"1415","1","2","兴安",""
"1416","1","2","兴腾",""
"1417","1","2","星驰",""
"1418","1","2","星文",""
"1419","1","2","修能",""
"1420","1","2","修贤",""
"1421","1","2","雪封",""
"1422","1","2","炎彬",""
"1423","1","2","阳平",""
"1424","1","2","阳曜",""
"1425","1","2","烨烨",""
"1426","1","2","宜修",""
"1427","1","2","英范",""
"1428","1","2","英悟",""
"1429","1","2","永怡",""
"1430","1","2","永思",""
"1431","1","2","勇军",""
"1432","1","2","雨信",""
"1433","1","2","玉轩",""
"1434","1","2","元凯",""
"1435","1","2","元正",""
"1436","1","2","正德",""
"1437","1","2","正业",""
"1438","1","2","志文",""
"1439","1","2","智志",""
"1440","1","2","子真",""
"1441","1","2","泽语",""
"1442","1","2","安然",""
"1443","1","2","波鸿",""
"1444","1","2","博实",""
"1445","1","2","成礼",""
"1446","1","2","承德",""
"1447","1","2","承悦",""
"1448","1","2","德馨",""
"1449","1","2","飞翮",""
"1450","1","2","飞翼",""
"1451","1","2","高澹",""
"1452","1","2","高朗",""
"1453","1","2","高谊",""
"1454","1","2","光亮",""
"1455","1","2","冠玉",""
"1456","1","2","涵蓄",""
"1457","1","2","翰学",""
"1458","1","2","昊然",""
"1459","1","2","浩涆",""
"1460","1","2","浩穰",""
"1461","1","2","和光",""
"1462","1","2","和雅",""
"1463","1","2","弘博",""
"1464","1","2","弘盛",""
"1465","1","2","弘致",""
"1466","1","2","宏恺",""
"1467","1","2","宏伟",""
"1468","1","2","鸿畅",""
"1469","1","2","鸿羲",""
"1470","1","2","鸿祯",""
"1471","1","2","华晖",""
"1472","1","2","嘉荣",""
"1473","1","2","嘉歆",""
"1474","1","2","嘉泽",""
"1475","1","2","建柏",""
"1476","1","2","建义",""
"1477","1","2","经略",""
"1478","1","2","景龙",""
"1479","1","2","俊拔",""
"1480","1","2","俊杰",""
"1481","1","2","俊能",""
"1482","1","2","俊友",""
"1483","1","2","凯复",""
"1484","1","2","康成",""
"1485","1","2","康泰",""
"1486","1","2","乐生",""
"1487","1","2","乐游",""
"1488","1","2","力行",""
"1489","1","2","良材",""
"1490","1","2","理群",""
"1491","1","2","敏达",""
"1492","1","2","明旭",""
"1493","1","2","鹏程",""
"1494","1","2","鹏云",""
"1495","1","2","奇逸",""
"1496","1","2","锐意",""
"1497","1","2","睿德",""
"1498","1","2","思远",""
"1499","1","2","天成",""
"1500","1","2","天瑞",""
"1501","1","2","同和",""
"1502","1","2","伟彦",""
"1503","1","2","文昌",""
"1504","1","2","文敏",""
"1505","1","2","文滨",""
"1506","1","2","晓博",""
"1507","1","2","新翰",""
"1508","1","2","兴邦",""
"1509","1","2","兴旺",""
"1510","1","2","星光",""
"1511","1","2","星宇",""
"1512","1","2","修平",""
"1513","1","2","旭尧",""
"1514","1","2","雪风",""
"1515","1","2","阳飙",""
"1516","1","2","阳秋",""
"1517","1","2","阳羽",""
"1518","1","2","烨熠",""
"1519","1","2","意远",""
"1520","1","2","英光",""
"1521","1","2","英勋",""
"1522","1","2","永春",""
"1523","1","2","永望",""
"1524","1","2","勇捷",""
"1525","1","2","雨星",""
"1526","1","2","玉宇",""
"1527","1","2","元恺",""
"1528","1","2","元忠",""
"1529","1","2","正浩",""
"1530","1","2","正谊",""
"1531","1","2","志行",""
"1532","1","2","智渊",""
"1533","1","2","子濯",""
"1534","1","2","安顺",""
"1535","1","2","波峻",""
"1536","1","2","博涛",""
"1537","1","2","成龙",""
"1538","1","2","承恩",""
"1539","1","2","承允",""
"1540","1","2","德曜",""
"1541","1","2","飞鸿",""
"1542","1","2","飞英",""
"1543","1","2","高飞",""
"1544","1","2","高逸",""
"1545","1","2","光临",""
"1546","1","2","涵衍",""
"1547","1","2","翰音",""
"1548","1","2","昊天",""
"1549","1","2","浩瀚",""
"1550","1","2","浩壤",""
"1551","1","2","和平",""
"1552","1","2","和宜",""
"1553","1","2","弘大",""
"1554","1","2","弘图",""
"1555","1","2","弘壮",""
"1556","1","2","宏旷",""
"1557","1","2","宏扬",""
"1558","1","2","鸿畴",""
"1559","1","2","鸿禧",""
"1560","1","2","鸿振",""
"1561","1","2","华辉",""
"1562","1","2","嘉许",""
"1563","1","2","嘉珍",""
"1564","1","2","建本",""
"1565","1","2","建元",""
"1566","1","2","经纶",""
"1567","1","2","景明",""
"1568","1","2","俊弼",""
"1569","1","2","俊捷",""
"1570","1","2","俊人",""
"1571","1","2","俊语",""
"1572","1","2","凯歌",""
"1573","1","2","康德",""
"1574","1","2","康裕",""
"1575","1","2","乐圣",""
"1576","1","2","乐语",""
"1577","1","2","力学",""
"1578","1","2","良策",""
"1579","1","2","理全",""
"1580","1","2","敏叡",""
"1581","1","2","明煦",""
"1582","1","2","鹏池",""
"1583","1","2","鹏运",""
"1584","1","2","奇正",""
"1585","1","2","锐藻",""
"1586","1","2","睿范",""
"1587","1","2","思博",""
"1588","1","2","天赋",""
"1589","1","2","天睿",""
"1590","1","2","同化",""
"1591","1","2","伟晔",""
"1592","1","2","文成",""
"1593","1","2","文瑞",""
"1594","1","2","心水",""
"1595","1","2","新霁",""
"1596","1","2","兴昌",""
"1597","1","2","兴为",""
"1598","1","2","星海",""
"1599","1","2","星雨",""
"1600","1","2","修齐",""
"1601","1","2","炫明",""
"1602","1","2","阳飇",""
"1603","1","2","阳荣",""
"1604","1","2","阳云",""
"1605","1","2","烨煜",""
"1606","1","2","意蕴",""
"1607","1","2","英豪",""
"1608","1","2","英彦",""
"1609","1","2","永安",""
"1610","1","2","永新",""
"1611","1","2","勇锐",""
"1612","1","2","雨泽",""
"1613","1","2","玉韵",""
"1614","1","2","元魁",""
"1615","1","2","元洲",""
"1616","1","2","正豪",""
"1617","1","2","正真",""
"1618","1","2","志学",""
"1619","1","2","子安",""
"1620","1","2","子昂",""
"1621","2","2","梦绮",""
"1622","2","2","之桃",""
"1623","2","2","慕青",""
"1624","2","2","尔岚",""
"1625","2","2","初夏",""
"1626","2","2","沛菡",""
"1627","2","2","傲珊",""
"1628","2","2","嫚文",""
"1629","2","2","乐菱",""
"1630","2","2","惜文",""
"1631","2","2","香寒",""
"1632","2","2","新柔",""
"1633","2","2","语蓉",""
"1634","2","2","海安",""
"1635","2","2","夜蓉",""
"1636","2","2","涵柏",""
"1637","2","2","水桃",""
"1638","2","2","醉蓝",""
"1639","2","2","语琴",""
"1640","2","2","从彤",""
"1641","2","2","傲晴",""
"1642","2","2","语兰",""
"1643","2","2","又菱",""
"1644","2","2","碧彤",""
"1645","2","2","元霜",""
"1646","2","2","怜梦",""
"1647","2","2","紫寒",""
"1648","2","2","妙彤",""
"1649","2","2","曼易",""
"1650","2","2","南莲",""
"1651","2","2","紫翠",""
"1652","2","2","雨寒",""
"1653","2","2","易烟",""
"1654","2","2","如萱",""
"1655","2","2","若南",""
"1656","2","2","寻真",""
"1657","2","2","晓亦",""
"1658","2","2","寒云",""
"1659","2","2","半梦",""
"1660","2","2","幼翠",""
"1661","2","2","笑蓝",""
"1662","2","2","从寒",""
"1663","2","2","代真",""
"1664","2","2","冰兰",""
"1665","2","2","冰彤",""
"1666","2","2","傲蕾",""
"1667","2","2","紫蓝",""
"1668","2","2","天荷",""
"1669","2","2","幻珊",""
"1670","2","2","灵雁",""
"1671","2","2","含蕾",""
"1672","2","2","忆翠",""
"1673","2","2","幽绿",""
"1674","2","2","紫真",""
"1675","2","2","向珊",""
"1676","2","2","冰旋",""
"1677","2","2","雅绿",""
"1678","2","2","听寒",""
"1679","2","2","靖柏",""
"1680","2","2","觅波",""
"1681","2","2","新蕾",""
"1682","2","2","山柏",""
"1683","2","2","亦寒",""
"1684","2","2","青槐",""
"1685","2","2","浣君",""
"1686","2","2","函玉",""
"1687","2","2","谷丝",""
"1688","2","2","雪青",""
"1689","2","2","从梦",""
"1690","2","2","幻灵",""
"1691","2","2","冰萍",""
"1692","2","2","千青",""
"1693","2","2","慕灵",""
"1694","2","2","宛儿",""
"1695","2","2","冰梦",""
"1696","2","2","梦柏",""
"1697","2","2","夜蕾",""
"1698","2","2","静兰",""
"1699","2","2","雁玉",""
"1700","2","2","翠萱",""
"1701","2","2","之瑶",""
"1702","2","2","易梦",""
"1703","2","2","元风",""
"1704","2","2","书兰",""
"1705","2","2","秋翠",""
"1706","2","2","乐瑶",""
"1707","2","2","从蓉",""
"1708","2","2","怜菡",""
"1709","2","2","惜霜",""
"1710","2","2","凌寒",""
"1711","2","2","以蕊",""
"1712","2","2","映绿真",""
"1713","2","2","晓灵槐",""
"1714","2","2","平醉易",""
"1715","2","2","访冰夏",""
"1716","2","2","梦凡旋",""
"1717","2","2","以冷卉",""
"1718","2","2","紫问旋",""
"1719","2","2","白冰露",""
"1720","2","2","尔惜雪",""
"1721","2","2","宛冰枫",""
"1722","2","2","访雅琴",""
"1723","2","2","书白晴",""
"1724","2","2","海含烟",""
"1725","2","2","涵初丹",""
"1726","2","2","听紫南",""
"1727","2","2","依凌香",""
"1728","2","2","芷紫安",""
"1729","2","2","寒易",""
"1730","2","2","幽蓝",""
"1731","2","2","幽兰",""
"1732","2","2","玄襄",""
"1733","2","2","松子",""
"1734","2","2","亦",""
"1735","2","2","珊玉",""
"1736","2","2","易",""
"1737","2","2","珍",""
"1738","2","2","海潮",""
"1739","2","2","蕊",""
"1740","2","2","瑶",""
"1741","2","2","露",""
"1742","2","2","双",""
"1743","2","2","兰",""
"1744","2","2","珊",""
"1745","2","2","蕾",""
"1746","2","2","庵",""
"1747","2","2","雪柳",""
"1748","2","2","碧凡",""
"1749","2","2","书翠",""
"1750","2","2","亦玉",""
"1751","2","2","书雪",""
"1752","2","2","念露",""
"1753","2","2","千琴",""
"1754","2","2","问筠",""
"1755","2","2","孤雪",""
"1756","2","2","之柔",""
"1757","2","2","芷蕊",""
"1758","2","2","琮安",""
"1759","2","2","代荷",""
"1760","2","2","平蝶",""
"1761","2","2","听蓉",""
"1762","2","2","妙竹",""
"1763","2","2","雁卉",""
"1764","2","2","怀蕊",""
"1765","2","2","海云",""
"1766","2","2","夏寒",""
"1767","2","2","翠风",""
"1768","2","2","凌萱",""
"1769","2","2","乐枫",""
"1770","2","2","芷蕾",""
"1771","2","2","傲芙",""
"1772","2","2","如霜",""
"1773","2","2","乐萱",""
"1774","2","2","夏青",""
"1775","2","2","凡蕾",""
"1776","2","2","夏槐",""
"1777","2","2","韩玉",""
"1778","2","2","雅蕊",""
"1779","2","2","语芙",""
"1780","2","2","访烟",""
"1781","2","2","迎梦",""
"1782","2","2","秋荷",""
"1783","2","2","凝天",""
"1784","2","2","曼香",""
"1785","2","2","代云",""
"1786","2","2","访卉",""
"1787","2","2","念薇",""
"1788","2","2","千兰",""
"1789","2","2","盼山",""
"1790","2","2","半芹",""
"1791","2","2","半芷",""
"1792","2","2","亦瑶",""
"1793","2","2","凡柔",""
"1794","2","2","念芹",""
"1795","2","2","书蕾",""
"1796","2","2","傲之",""
"1797","2","2","夏彤",""
"1798","2","2","怜香",""
"1799","2","2","元柏",""
"1800","2","2","涵雁",""
"1801","2","2","沛灵",""
"1802","2","2","若烟",""
"1803","2","2","梦曼",""
"1804","2","2","怀亦",""
"1805","2","2","靖雁",""
"1806","2","2","新波",""
"1807","2","2","怀蝶",""
"1808","2","2","丹珍",""
"1809","2","2","海莲",""
"1810","2","2","妙菡",""
"1811","2","2","安蕾",""
"1812","2","2","代曼",""
"1813","2","2","听白",""
"1814","2","2","灵薇",""
"1815","2","2","凌瑶",""
"1816","2","2","映寒",""
"1817","2","2","代萱",""
"1818","2","2","以山",""
"1819","2","2","凡梅",""
"1820","2","2","盼曼",""
"1821","2","2","翠彤",""
"1822","2","2","谷冬",""
"1823","2","2","冷然",""
"1824","2","2","千萍",""
"1825","2","2","冰烟",""
"1826","2","2","雅阳",""
"1827","2","2","友绿",""
"1828","2","2","南松",""
"1829","2","2","诗云",""
"1830","2","2","飞风",""
"1831","2","2","寄灵",""
"1832","2","2","书芹",""
"1833","2","2","幼蓉",""
"1834","2","2","以蓝",""
"1835","2","2","笑寒",""
"1836","2","2","忆寒",""
"1837","2","2","秋烟",""
"1838","2","2","芷巧",""
"1839","2","2","水香",""
"1840","2","2","映之",""
"1841","2","2","醉波",""
"1842","2","2","幻莲",""
"1843","2","2","夜山",""
"1844","2","2","芷卉",""
"1845","2","2","向彤",""
"1846","2","2","小玉",""
"1847","2","2","幼南",""
"1848","2","2","凡梦",""
"1849","2","2","尔曼",""
"1850","2","2","念波",""
"1851","2","2","迎松",""
"1852","2","2","青寒",""
"1853","2","2","笑天",""
"1854","2","2","涵蕾",""
"1855","2","2","碧荷",""
"1856","2","2","映秋",""
"1857","2","2","盼烟",""
"1858","2","2","忆山",""
"1859","2","2","以然",""
"1860","2","2","寒香",""
"1861","2","2","小凡",""
"1862","2","2","代亦",""
"1863","2","2","梦璐",""
"1864","2","2","映波",""
"1865","2","2","谷南",""
"1866","2","2","语蝶",""
"1867","2","2","寒凡",""
"1868","2","2","灵竹",""
"1869","2","2","谷波",""
"1870","2","2","翠安",""
"1871","2","2","紫槐",""
"1872","2","2","访风",""
"1873","2","2","白薇",""
"1874","2","2","海冬",""
"1875","2","2","翠绿",""
"1876","2","2","绮琴",""
"1877","2","2","绮彤",""
"1878","2","2","听露",""
"1879","2","2","觅珍",""
"1880","2","2","宛筠",""
"1881","2","2","冷梅",""
"1882","2","2","友蕊",""
"1883","2","2","慕儿",""
"1884","2","2","青筠",""
"1885","2","2","晓绿",""
"1886","2","2","醉薇",""
"1887","2","2","笑白",""
"1888","2","2","如天",""
"1889","2","2","幻柏",""
"1890","2","2","天亦",""
"1891","2","2","梦吟",""
"1892","2","2","秋灵",""
"1893","2","2","翠芙",""
"1894","2","2","雨双",""
"1895","2","2","之玉",""
"1896","2","2","梦岚",""
"1897","2","2","丹雪",""
"1898","2","2","碧琴",""
"1899","2","2","秋柔",""
"1900","2","2","寄凡",""
"1901","2","2","夏岚",""
"1902","2","2","夜安",""
"1903","2","2","以菱",""
"1904","2","2","元珊",""
"1905","2","2","妙海",""
"1906","2","2","凌霜",""
"1907","2","2","采流",""
"1908","2","2","觅风",""
"1909","2","2","飞绿",""
"1910","2","2","凝芙",""
"1911","2","2","靖儿",""
"1912","2","2","听枫",""
"1913","2","2","雨珍",""
"1914","2","2","幻竹",""
"1915","2","2","元枫",""
"1916","2","2","盼兰",""
"1917","2","2","思菱",""
"1918","2","2","怜蕾",""
"1919","2","2","雁友儿",""
"1920","2","2","小觅海",""
"1921","2","2","问冬云",""
"1922","2","2","含幻波",""
"1923","2","2","盼紫霜",""
"1924","2","2","凌绮菱",""
"1925","2","2","代雪旋",""
"1926","2","2","盼小霜",""
"1927","2","2","雪如波",""
"1928","2","2","又念烟",""
"1929","2","2","白妙柏",""
"1930","2","2","千觅荷",""
"1931","2","2","凡幻丝",""
"1932","2","2","代谷云",""
"1933","2","2","忆思天",""
"1934","2","2","如小夏",""
"1935","2","2","安醉波",""
"1936","2","2","醉枫",""
"1937","2","2","萱",""
"1938","2","2","安",""
"1939","2","2","玉",""
"1940","2","2","夏",""
"1941","2","2","旋",""
"1942","2","2","云",""
"1943","2","2","海",""
"1944","2","2","萍",""
"1945","2","2","晴",""
"1946","2","2","山",""
"1947","2","2","凝",""
"1948","2","2","之",""
"1949","2","2","梅",""
"1950","2","2","霜",""
"1951","2","2","松",""
"1952","2","2","容",""
"1953","2","2","柳",""
"1954","2","2","水绿",""
"1955","2","2","紫青",""
"1956","2","2","晓槐",""
"1957","2","2","访枫",""
"1958","2","2","元瑶",""
"1959","2","2","孤丝",""
"1960","2","2","香薇",""
"1961","2","2","映梦",""
"1962","2","2","半雪",""
"1963","2","2","友易",""
"1964","2","2","从灵",""
"1965","2","2","小珍",""
"1966","2","2","晓凡",""
"1967","2","2","青亦",""
"1968","2","2","水瑶",""
"1969","2","2","妙灵",""
"1970","2","2","青曼",""
"1971","2","2","以寒",""
"1972","2","2","曼荷",""
"1973","2","2","妙菱",""
"1974","2","2","雅山",""
"1975","2","2","含卉",""
"1976","2","2","迎曼",""
"1977","2","2","怜寒",""
"1978","2","2","冬灵",""
"1979","2","2","安雁",""
"1980","2","2","山柳",""
"1981","2","2","香菱",""
"1982","2","2","尔芙",""
"1983","2","2","妙旋",""
"1984","2","2","雅彤",""
"1985","2","2","元菱",""
"1986","2","2","慕晴",""
"1987","2","2","谷秋",""
"1988","2","2","千儿",""
"1989","2","2","迎夏",""
"1990","2","2","笑珊",""
"1991","2","2","冬寒",""
"1992","2","2","访云",""
"1993","2","2","夜白",""
"1994","2","2","水云",""
"1995","2","2","凡松",""
"1996","2","2","凌珍",""
"1997","2","2","映容",""
"1998","2","2","谷紫",""
"1999","2","2","冬亦",""
"2000","2","2","迎蓉",""
"2001","2","2","雪枫",""
"2002","2","2","孤风",""
"2003","2","2","海瑶",""
"2004","2","2","秋双",""
"2005","2","2","妙松",""
"2006","2","2","寻双",""
"2007","2","2","向雪",""
"2008","2","2","寒珊",""
"2009","2","2","曼柔",""
"2010","2","2","翠容",""
"2011","2","2","冷安",""
"2012","2","2","访琴",""
"2013","2","2","青丝",""
"2014","2","2","沛然",""
"2015","2","2","凝阳",""
"2016","2","2","靖易",""
"2017","2","2","问雁",""
"2018","2","2","念寒",""
"2019","2","2","夏菡",""
"2020","2","2","从安",""
"2021","2","2","飞槐",""
"2022","2","2","雨真",""
"2023","2","2","晓夏",""
"2024","2","2","涵瑶",""
"2025","2","2","以丹",""
"2026","2","2","安安",""
"2027","2","2","安吉",""
"2028","2","2","安静",""
"2029","2","2","安娜",""
"2030","2","2","安妮",""
"2031","2","2","安琪",""
"2032","2","2","安然",""
"2033","2","2","安娴",""
"2034","2","2","安祯",""
"2035","2","2","荌荌",""
"2036","2","2","奥婷",""
"2037","2","2","奥维",""
"2038","2","2","奥雅",""
"2039","2","2","北辰",""
"2040","2","2","北嘉",""
"2041","2","2","北晶",""
"2042","2","2","贝莉",""
"2043","2","2","贝丽",""
"2044","2","2","琲瓃",""
"2045","2","2","蓓蕾",""
"2046","2","2","碧菡",""
"2047","2","2","碧琳",""
"2048","2","2","碧莹",""
"2049","2","2","碧玉",""
"2050","2","2","冰冰",""
"2051","2","2","冰枫",""
"2052","2","2","冰洁",""
"2053","2","2","冰蓝",""
"2054","2","2","冰心",""
"2055","2","2","冰彦",""
"2056","2","2","冰莹",""
"2057","2","2","博丽",""
"2058","2","2","博敏",""
"2059","2","2","博雅",""
"2060","2","2","布凡",""
"2061","2","2","布侬",""
"2062","2","2","布欣",""
"2063","2","2","布衣",""
"2064","2","2","偲偲",""
"2065","2","2","采莲",""
"2066","2","2","采薇",""
"2067","2","2","采文",""
"2068","2","2","采萱",""
"2069","2","2","彩静",""
"2070","2","2","彩萱",""
"2071","2","2","彩妍",""
"2072","2","2","灿灿",""
"2073","2","2","婵娟",""
"2074","2","2","畅畅",""
"2075","2","2","畅然",""
"2076","2","2","唱月",""
"2077","2","2","朝旭",""
"2078","2","2","朝雨",""
"2079","2","2","琛丽",""
"2080","2","2","琛瑞",""
"2081","2","2","晨曦",""
"2082","2","2","晨旭",""
"2083","2","2","初然",""
"2084","2","2","初阳",""
"2085","2","2","楚楚",""
"2086","2","2","楚洁",""
"2087","2","2","楚云",""
"2088","2","2","春芳",""
"2089","2","2","春华",""
"2090","2","2","春娇",""
"2091","2","2","春兰",""
"2092","2","2","春岚",""
"2093","2","2","春梅",""
"2094","2","2","春桃",""
"2095","2","2","春晓",""
"2096","2","2","春雪",""
"2097","2","2","春燕",""
"2098","2","2","春英",""
"2099","2","2","春雨",""
"2100","2","2","淳静",""
"2101","2","2","淳美",""
"2102","2","2","淳雅",""
"2103","2","2","慈心",""
"2104","2","2","聪慧",""
"2105","2","2","聪睿",""
"2106","2","2","翠茵",""
"2107","2","2","黛娥",""
"2108","2","2","丹丹",""
"2109","2","2","丹红",""
"2110","2","2","丹彤",""
"2111","2","2","丹溪",""
"2112","2","2","笛韵",""
"2113","2","2","典丽",""
"2114","2","2","典雅",""
"2115","2","2","蝶梦",""
"2116","2","2","丁辰",""
"2117","2","2","丁兰",""
"2118","2","2","冬梅",""
"2119","2","2","端静",""
"2120","2","2","端丽",""
"2121","2","2","端敏",""
"2122","2","2","端雅",""
"2123","2","2","端懿",""
"2124","2","2","多思",""
"2125","2","2","朵儿",""
"2126","2","2","婀娜",""
"2127","2","2","恩霈",""
"2128","2","2","尔雅",""
"2129","2","2","璠瑜",""
"2130","2","2","方芳",""
"2131","2","2","方雅",""
"2132","2","2","方仪",""
"2133","2","2","芳蔼",""
"2134","2","2","芳春",""
"2135","2","2","芳芳",""
"2136","2","2","芳菲",""
"2137","2","2","芳馥",""
"2138","2","2","芳华",""
"2139","2","2","芳蕙",""
"2140","2","2","芳洁",""
"2141","2","2","芳林",""
"2142","2","2","芳苓",""
"2143","2","2","芳荃",""
"2144","2","2","芳蕤",""
"2145","2","2","芳润",""
"2146","2","2","芳馨",""
"2147","2","2","芳懿",""
"2148","2","2","芳茵",""
"2149","2","2","芳泽",""
"2150","2","2","芳洲",""
"2151","2","2","飞雪",""
"2152","2","2","飞燕",""
"2153","2","2","菲菲",""
"2154","2","2","霏霏",""
"2155","2","2","斐斐",""
"2156","2","2","芬菲",""
"2157","2","2","芬芬",""
"2158","2","2","芬馥",""
"2159","2","2","丰熙",""
"2160","2","2","丰雅",""
"2161","2","2","芙蓉",""
"2162","2","2","馥芬",""
"2163","2","2","甘雨",""
"2164","2","2","甘泽",""
"2165","2","2","高洁",""
"2166","2","2","歌阑",""
"2167","2","2","歌云",""
"2168","2","2","歌韵",""
"2169","2","2","格菲",""
"2170","2","2","格格",""
"2171","2","2","葛菲",""
"2172","2","2","古兰",""
"2173","2","2","古香",""
"2174","2","2","古韵",""
"2175","2","2","谷雪",""
"2176","2","2","谷玉",""
"2177","2","2","瑰玮",""
"2178","2","2","桂帆",""
"2179","2","2","桂枫",""
"2180","2","2","桂华",""
"2181","2","2","桂月",""
"2182","2","2","桂芝",""
"2183","2","2","海儿",""
"2184","2","2","海女",""
"2185","2","2","含娇",""
"2186","2","2","含景",""
"2187","2","2","含文",""
"2188","2","2","含香",""
"2189","2","2","含秀",""
"2190","2","2","含玉",""
"2191","2","2","晗玥",""
"2192","2","2","涵涵",""
"2193","2","2","涵菡",""
"2194","2","2","涵韵",""
"2195","2","2","寒梅",""
"2196","2","2","菡梅",""
"2197","2","2","好洁",""
"2198","2","2","好慕",""
"2199","2","2","浩岚",""
"2200","2","2","浩丽",""
"2201","2","2","皓洁",""
"2202","2","2","皓月",""
"2203","2","2","合乐",""
"2204","2","2","合美",""
"2205","2","2","合瑞",""
"2206","2","2","和璧",""
"2207","2","2","和静",""
"2208","2","2","和叶",""
"2209","2","2","和暖",""
"2210","2","2","和平",""
"2211","2","2","和悌",""
"2212","2","2","和煦",""
"2213","2","2","和暄",""
"2214","2","2","和雅",""
"2215","2","2","和怡",""
"2216","2","2","和玉",""
"2217","2","2","和豫",""
"2218","2","2","和悦",""
"2219","2","2","河灵",""
"2220","2","2","荷珠",""
"2221","2","2","荷紫",""
"2222","2","2","赫然",""
"2223","2","2","鹤梦",""
"2224","2","2","姮娥",""
"2225","2","2","弘丽",""
"2226","2","2","弘雅",""
"2227","2","2","弘懿",""
"2228","2","2","红豆",""
"2229","2","2","红旭",""
"2230","2","2","红叶",""
"2231","2","2","闳丽",""
"2232","2","2","虹星",""
"2233","2","2","虹英",""
"2234","2","2","虹颖",""
"2235","2","2","虹影",""
"2236","2","2","虹雨",""
"2237","2","2","虹玉",""
"2238","2","2","华采",""
"2239","2","2","华楚",""
"2240","2","2","华乐",""
"2241","2","2","华婉",""
"2242","2","2","华月",""
"2243","2","2","华芝",""
"2244","2","2","怀慕",""
"2245","2","2","怀思",""
"2246","2","2","怀玉",""
"2247","2","2","欢欣",""
"2248","2","2","欢悦",""
"2249","2","2","会雯",""
"2250","2","2","会欣",""
"2251","2","2","彗云",""
"2252","2","2","惠丽",""
"2253","2","2","惠美",""
"2254","2","2","惠然",""
"2255","2","2","惠心",""
"2256","2","2","慧婕",""
"2257","2","2","慧君",""
"2258","2","2","慧丽",""
"2259","2","2","慧美",""
"2260","2","2","慧心",""
"2261","2","2","慧秀",""
"2262","2","2","慧雅",""
"2263","2","2","慧艳",""
"2264","2","2","慧英",""
"2265","2","2","慧颖",""
"2266","2","2","慧语",""
"2267","2","2","慧月",""
"2268","2","2","慧云",""
"2269","2","2","蕙兰",""
"2270","2","2","蕙若",""
"2271","2","2","吉帆",""
"2272","2","2","吉玟",""
"2273","2","2","吉敏",""
"2274","2","2","吉欣",""
"2275","2","2","吉星",""
"2276","2","2","吉玉",""
"2277","2","2","吉月",""
"2278","2","2","季雅",""
"2279","2","2","霁芸",""
"2280","2","2","佳惠",""
"2281","2","2","佳美",""
"2282","2","2","佳思",""
"2283","2","2","佳文",""
"2284","2","2","佳妍",""
"2285","2","2","佳悦",""
"2286","2","2","家美",""
"2287","2","2","家欣",""
"2288","2","2","家馨",""
"2289","2","2","嘉宝",""
"2290","2","2","嘉惠",""
"2291","2","2","嘉丽",""
"2292","2","2","嘉美",""
"2293","2","2","嘉禾",""
"2294","2","2","嘉淑",""
"2295","2","2","嘉歆",""
"2296","2","2","嘉言",""
"2297","2","2","嘉怡",""
"2298","2","2","嘉懿",""
"2299","2","2","嘉音",""
"2300","2","2","嘉颖",""
"2301","2","2","嘉玉",""
"2302","2","2","嘉月",""
"2303","2","2","嘉悦",""
"2304","2","2","嘉云",""
"2305","2","2","江雪",""
"2306","2","2","姣姣",""
"2307","2","2","姣丽",""
"2308","2","2","姣妍",""
"2309","2","2","娇洁",""
"2310","2","2","娇然",""
"2311","2","2","皎洁",""
"2312","2","2","皎月",""
"2313","2","2","杰秀",""
"2314","2","2","洁静",""
"2315","2","2","洁雅",""
"2316","2","2","洁玉",""
"2317","2","2","今歌",""
"2318","2","2","今瑶",""
"2319","2","2","今雨",""
"2320","2","2","金玉",""
"2321","2","2","金枝",""
"2322","2","2","津童",""
"2323","2","2","锦凡",""
"2324","2","2","锦诗",""
"2325","2","2","锦文",""
"2326","2","2","锦欣",""
"2327","2","2","瑾瑶",""
"2328","2","2","菁菁",""
"2329","2","2","菁英",""
"2330","2","2","晶辉",""
"2331","2","2","晶晶",""
"2332","2","2","晶灵",""
"2333","2","2","晶滢",""
"2334","2","2","靓影",""
"2335","2","2","静安",""
"2336","2","2","静枫",""
"2337","2","2","静涵",""
"2338","2","2","静和",""
"2339","2","2","静慧",""
"2340","2","2","静曼",""
"2341","2","2","静美",""
"2342","2","2","静淑",""
"2343","2","2","静恬",""
"2344","2","2","静婉",""
"2345","2","2","静娴",""
"2346","2","2","静秀",""
"2347","2","2","静雅",""
"2348","2","2","静逸",""
"2349","2","2","静云",""
"2350","2","2","菊华",""
"2351","2","2","菊月",""
"2352","2","2","娟娟",""
"2353","2","2","娟丽",""
"2354","2","2","娟秀",""
"2355","2","2","娟妍",""
"2356","2","2","绢子",""
"2357","2","2","隽洁",""
"2358","2","2","隽美",""
"2359","2","2","隽巧",""
"2360","2","2","隽雅",""
"2361","2","2","君洁",""
"2362","2","2","君丽",""
"2363","2","2","君雅",""
"2364","2","2","筠溪",""
"2365","2","2","筠心",""
"2366","2","2","筠竹",""
"2367","2","2","俊慧",""
"2368","2","2","俊雅",""
"2369","2","2","珺俐",""
"2370","2","2","珺琦",""
"2371","2","2","珺琪",""
"2372","2","2","珺娅",""
"2373","2","2","可可",""
"2374","2","2","可儿",""
"2375","2","2","可佳",""
"2376","2","2","可嘉",""
"2377","2","2","可心",""
"2378","2","2","琨瑶",""
"2379","2","2","琨瑜",""
"2380","2","2","兰芳",""
"2381","2","2","兰蕙",""
"2382","2","2","兰梦",""
"2383","2","2","兰娜",""
"2384","2","2","兰若",""
"2385","2","2","兰英",""
"2386","2","2","兰月",""
"2387","2","2","兰泽",""
"2388","2","2","兰芝",""
"2389","2","2","岚翠",""
"2390","2","2","岚风",""
"2391","2","2","岚岚",""
"2392","2","2","蓝尹",""
"2393","2","2","朗丽",""
"2394","2","2","朗宁",""
"2395","2","2","朗然",""
"2396","2","2","乐然",""
"2397","2","2","乐容",""
"2398","2","2","乐心",""
"2399","2","2","乐欣",""
"2400","2","2","乐怡",""
"2401","2","2","乐悦",""
"2402","2","2","莉莉",""
"2403","2","2","丽芳",""
"2404","2","2","丽华",""
"2405","2","2","丽佳",""
"2406","2","2","丽姝",""
"2407","2","2","丽思",""
"2408","2","2","丽文",""
"2409","2","2","丽雅",""
"2410","2","2","丽玉",""
"2411","2","2","丽泽",""
"2412","2","2","丽珠",""
"2413","2","2","林帆",""
"2414","2","2","林楠",""
"2415","2","2","琳芳",""
"2416","2","2","琳怡",""
"2417","2","2","琳瑜",""
"2418","2","2","伶俐",""
"2419","2","2","伶伶",""
"2420","2","2","灵卉",""
"2421","2","2","灵慧",""
"2422","2","2","灵秀",""
"2423","2","2","灵萱",""
"2424","2","2","灵雨",""
"2425","2","2","灵韵",""
"2426","2","2","玲琅",""
"2427","2","2","玲琳",""
"2428","2","2","玲玲",""
"2429","2","2","玲珑",""
"2430","2","2","玲然",""
"2431","2","2","凌波",""
"2432","2","2","凌春",""
"2433","2","2","凌晓",""
"2434","2","2","凌雪",""
"2435","2","2","铃语",""
"2436","2","2","菱凡",""
"2437","2","2","菱华",""
"2438","2","2","令慧",""
"2439","2","2","令美",""
"2440","2","2","流惠",""
"2441","2","2","流丽",""
"2442","2","2","流如",""
"2443","2","2","流婉",""
"2444","2","2","流逸",""
"2445","2","2","柳思",""
"2446","2","2","珑玲",""
"2447","2","2","芦雪",""
"2448","2","2","罗绮",""
"2449","2","2","洛妃",""
"2450","2","2","洛灵",""
"2451","2","2","玛丽",""
"2452","2","2","麦冬",""
"2453","2","2","曼丽",""
"2454","2","2","曼蔓",""
"2455","2","2","曼妮",""
"2456","2","2","曼青",""
"2457","2","2","曼容",""
"2458","2","2","曼婉",""
"2459","2","2","曼文",""
"2460","2","2","曼吟",""
"2461","2","2","曼语",""
"2462","2","2","曼云",""
"2463","2","2","曼珠",""
"2464","2","2","嫚儿",""
"2465","2","2","蔓菁",""
"2466","2","2","蔓蔓",""
"2467","2","2","梅风",""
"2468","2","2","梅红",""
"2469","2","2","梅花",""
"2470","2","2","梅梅",""
"2471","2","2","梅青",""
"2472","2","2","梅雪",""
"2473","2","2","梅英",""
"2474","2","2","美偲",""
"2475","2","2","美华",""
"2476","2","2","美丽",""
"2477","2","2","美曼",""
"2478","2","2","美如",""
"2479","2","2","萌阳",""
"2480","2","2","蒙雨",""
"2481","2","2","孟乐",""
"2482","2","2","孟夏",""
"2483","2","2","孟阳",""
"2484","2","2","梦凡",""
"2485","2","2","梦菲",""
"2486","2","2","梦菡",""
"2487","2","2","梦华",""
"2488","2","2","梦兰",""
"2489","2","2","梦露",""
"2490","2","2","梦琪",""
"2491","2","2","梦秋",""
"2492","2","2","梦丝",""
"2493","2","2","梦桐",""
"2494","2","2","梦影",""
"2495","2","2","梦雨",""
"2496","2","2","梦月",""
"2497","2","2","梦云",""
"2498","2","2","梦泽",""
"2499","2","2","梦竹",""
"2500","2","2","米琪",""
"2501","2","2","米雪",""
"2502","2","2","密如",""
"2503","2","2","密思",""
"2504","2","2","淼淼",""
"2505","2","2","妙婧",""
"2506","2","2","妙晴",""
"2507","2","2","妙思",""
"2508","2","2","妙颜",""
"2509","2","2","妙意",""
"2510","2","2","妙音",""
"2511","2","2","妙珍",""
"2512","2","2","玟丽",""
"2513","2","2","玟玉",""
"2514","2","2","珉瑶",""
"2515","2","2","闵雨",""
"2516","2","2","敏慧",""
"2517","2","2","敏丽",""
"2518","2","2","敏叡",""
"2519","2","2","敏思",""
"2520","2","2","名姝",""
"2521","2","2","明煦",""
"2522","2","2","明艳",""
"2523","2","2","鸣晨",""
"2524","2","2","鸣玉",""
"2525","2","2","茗雪",""
"2526","2","2","茉莉",""
"2527","2","2","木兰",""
"2528","2","2","牧歌",""
"2529","2","2","慕梅",""
"2530","2","2","慕诗",""
"2531","2","2","慕思",""
"2532","2","2","慕悦",""
"2533","2","2","暮雨",""
"2534","2","2","暮芸",""
"2535","2","2","娜兰",""
"2536","2","2","娜娜",""
"2537","2","2","乃心",""
"2538","2","2","乃欣",""
"2539","2","2","囡囡",""
"2540","2","2","楠楠",""
"2541","2","2","妮娜",""
"2542","2","2","妮子",""
"2543","2","2","霓云",""
"2544","2","2","旎旎",""
"2545","2","2","念念",""
"2546","2","2","宁乐",""
"2547","2","2","凝洁",""
"2548","2","2","凝静",""
"2549","2","2","凝然",""
"2550","2","2","凝思",""
"2551","2","2","凝心",""
"2552","2","2","凝雪",""
"2553","2","2","凝雨",""
"2554","2","2","凝远",""
"2555","2","2","妞妞",""
"2556","2","2","浓绮",""
"2557","2","2","暖暖",""
"2558","2","2","暖姝",""
"2559","2","2","暖梦",""
"2560","2","2","盼盼",""
"2561","2","2","沛若",""
"2562","2","2","沛珊",""
"2563","2","2","沛文",""
"2564","2","2","佩兰",""
"2565","2","2","佩杉",""
"2566","2","2","佩玉",""
"2567","2","2","佩珍",""
"2568","2","2","芃芃",""
"2569","2","2","彭丹",""
"2570","2","2","嫔然",""
"2571","2","2","品韵",""
"2572","2","2","平和",""
"2573","2","2","平惠",""
"2574","2","2","平乐",""
"2575","2","2","平良",""
"2576","2","2","平宁",""
"2577","2","2","平婉",""
"2578","2","2","平晓",""
"2579","2","2","平心",""
"2580","2","2","平雅",""
"2581","2","2","平莹",""
"2582","2","2","萍雅",""
"2583","2","2","萍韵",""
"2584","2","2","璞玉",""
"2585","2","2","齐敏",""
"2586","2","2","齐素",""
"2587","2","2","其雨",""
"2588","2","2","奇思",""
"2589","2","2","奇文",""
"2590","2","2","奇颖",""
"2591","2","2","颀秀",""
"2592","2","2","琦巧",""
"2593","2","2","琦珍",""
"2594","2","2","琪华",""
"2595","2","2","启颜",""
"2596","2","2","绮怀",""
"2597","2","2","绮丽",""
"2598","2","2","绮梅",""
"2599","2","2","绮美",""
"2600","2","2","绮梦",""
"2601","2","2","绮思",""
"2602","2","2","绮文",""
"2603","2","2","绮艳",""
"2604","2","2","绮玉",""
"2605","2","2","绮云",""
"2606","2","2","千秋",""
"2607","2","2","千叶",""
"2608","2","2","芊丽",""
"2609","2","2","芊芊",""
"2610","2","2","茜茜",""
"2611","2","2","倩丽",""
"2612","2","2","倩美",""
"2613","2","2","倩秀",""
"2614","2","2","倩语",""
"2615","2","2","俏丽",""
"2616","2","2","俏美",""
"2617","2","2","琴心",""
"2618","2","2","琴轩",""
"2619","2","2","琴雪",""
"2620","2","2","琴音",""
"2621","2","2","琴韵",""
"2622","2","2","卿月",""
"2623","2","2","卿云",""
"2624","2","2","清昶",""
"2625","2","2","清芬",""
"2626","2","2","清涵",""
"2627","2","2","清华",""
"2628","2","2","清晖",""
"2629","2","2","清霁",""
"2630","2","2","清嘉",""
"2631","2","2","清宁",""
"2632","2","2","清奇",""
"2633","2","2","清绮",""
"2634","2","2","清秋",""
"2635","2","2","清润",""
"2636","2","2","清淑",""
"2637","2","2","清舒",""
"2638","2","2","清婉",""
"2639","2","2","清心",""
"2640","2","2","清馨",""
"2641","2","2","清雅",""
"2642","2","2","清妍",""
"2643","2","2","清一",""
"2644","2","2","清漪",""
"2645","2","2","清怡",""
"2646","2","2","清逸",""
"2647","2","2","清懿",""
"2648","2","2","清莹",""
"2649","2","2","清悦",""
"2650","2","2","清韵",""
"2651","2","2","清卓",""
"2652","2","2","情文",""
"2653","2","2","情韵",""
"2654","2","2","晴波",""
"2655","2","2","晴虹",""
"2656","2","2","晴画",""
"2657","2","2","晴岚",""
"2658","2","2","晴丽",""
"2659","2","2","晴美",""
"2660","2","2","晴曦",""
"2661","2","2","晴霞",""
"2662","2","2","晴雪",""
"2663","2","2","琼芳",""
"2664","2","2","琼华",""
"2665","2","2","琼岚",""
"2666","2","2","琼诗",""
"2667","2","2","琼思",""
"2668","2","2","琼怡",""
"2669","2","2","琼音",""
"2670","2","2","琼英",""
"2671","2","2","秋芳",""
"2672","2","2","秋华",""
"2673","2","2","秋露",""
"2674","2","2","秋荣",""
"2675","2","2","秋彤",""
"2676","2","2","秋阳",""
"2677","2","2","秋英",""
"2678","2","2","秋颖",""
"2679","2","2","秋玉",""
"2680","2","2","秋月",""
"2681","2","2","秋芸",""
"2682","2","2","曲静",""
"2683","2","2","曲文",""
"2684","2","2","冉冉",""
"2685","2","2","苒苒",""
"2686","2","2","荏苒",""
"2687","2","2","任真",""
"2688","2","2","溶溶",""
"2689","2","2","蓉城",""
"2690","2","2","蓉蓉",""
"2691","2","2","融雪",""
"2692","2","2","柔怀",""
"2693","2","2","柔惠",""
"2694","2","2","柔洁",""
"2695","2","2","柔谨",""
"2696","2","2","柔静",""
"2697","2","2","柔丽",""
"2698","2","2","柔蔓",""
"2699","2","2","柔妙",""
"2700","2","2","柔淑",""
"2701","2","2","柔婉",""
"2702","2","2","柔煦",""
"2703","2","2","柔绚",""
"2704","2","2","柔雅",""
"2705","2","2","如冰",""
"2706","2","2","如风",""
"2707","2","2","如心",""
"2708","2","2","如馨",""
"2709","2","2","如雪",""
"2710","2","2","如仪",""
"2711","2","2","如意",""
"2712","2","2","如云",""
"2713","2","2","茹薇",""
"2714","2","2","茹雪",""
"2715","2","2","茹云",""
"2716","2","2","濡霈",""
"2717","2","2","蕊珠",""
"2718","2","2","芮安",""
"2719","2","2","芮波",""
"2720","2","2","芮欢",""
"2721","2","2","芮佳",""
"2722","2","2","芮静",""
"2723","2","2","芮澜",""
"2724","2","2","芮丽",""
"2725","2","2","芮美",""
"2726","2","2","芮欣",""
"2727","2","2","芮雅",""
"2728","2","2","芮优",""
"2729","2","2","芮悦",""
"2730","2","2","瑞彩",""
"2731","2","2","瑞锦",""
"2732","2","2","瑞灵",""
"2733","2","2","瑞绣",""
"2734","2","2","瑞云",""
"2735","2","2","瑞芝",""
"2736","2","2","睿敏",""
"2737","2","2","睿思",""
"2738","2","2","睿彤",""
"2739","2","2","睿文",""
"2740","2","2","睿哲",""
"2741","2","2","睿姿",""
"2742","2","2","润丽",""
"2743","2","2","若芳",""
"2744","2","2","若华",""
"2745","2","2","若兰",""
"2746","2","2","若淑",""
"2747","2","2","若彤",""
"2748","2","2","若英",""
"2749","2","2","若云",""
"2750","2","2","莎莉",""
"2751","2","2","莎莎",""
"2752","2","2","三春",""
"2753","2","2","三姗",""
"2754","2","2","三诗",""
"2755","2","2","森莉",""
"2756","2","2","森丽",""
"2757","2","2","沙羽",""
"2758","2","2","沙雨",""
"2759","2","2","杉月",""
"2760","2","2","姗姗",""
"2761","2","2","珊珊",""
"2762","2","2","善芳",""
"2763","2","2","善和",""
"2764","2","2","善静",""
"2765","2","2","善思",""
"2766","2","2","韶华",""
"2767","2","2","韶丽",""
"2768","2","2","韶美",""
"2769","2","2","韶敏",""
"2770","2","2","韶容",""
"2771","2","2","韶阳",""
"2772","2","2","韶仪",""
"2773","2","2","邵美",""
"2774","2","2","沈靖",""
"2775","2","2","沈静",""
"2776","2","2","沈然",""
"2777","2","2","沈思",""
"2778","2","2","沈雅",""
"2779","2","2","诗怀",""
"2780","2","2","诗兰",""
"2781","2","2","诗蕾",""
"2782","2","2","诗柳",""
"2783","2","2","诗蕊",""
"2784","2","2","诗文",""
"2785","2","2","施然",""
"2786","2","2","施诗",""
"2787","2","2","世敏",""
"2788","2","2","世英",""
"2789","2","2","世韵",""
"2790","2","2","书慧",""
"2791","2","2","书桃",""
"2792","2","2","书文",""
"2793","2","2","书萱",""
"2794","2","2","书仪",""
"2795","2","2","书艺",""
"2796","2","2","书意",""
"2797","2","2","书语",""
"2798","2","2","书云",""
"2799","2","2","抒怀",""
"2800","2","2","姝好",""
"2801","2","2","姝惠",""
"2802","2","2","姝丽",""
"2803","2","2","姝美",""
"2804","2","2","姝艳",""
"2805","2","2","淑华",""
"2806","2","2","淑惠",""
"2807","2","2","淑慧",""
"2808","2","2","淑静",""
"2809","2","2","淑兰",""
"2810","2","2","淑穆",""
"2811","2","2","淑然",""
"2812","2","2","淑婉",""
"2813","2","2","淑贤",""
"2814","2","2","淑雅",""
"2815","2","2","淑懿",""
"2816","2","2","淑哲",""
"2817","2","2","淑贞",""
"2818","2","2","舒畅",""
"2819","2","2","舒方",""
"2820","2","2","舒怀",""
"2821","2","2","舒兰",""
"2822","2","2","舒荣",""
"2823","2","2","舒扬",""
"2824","2","2","舒云",""
"2825","2","2","帅红",""
"2826","2","2","双文",""
"2827","2","2","双玉",""
"2828","2","2","水晶",""
"2829","2","2","水悦",""
"2830","2","2","水芸",""
"2831","2","2","顺慈",""
"2832","2","2","顺美",""
"2833","2","2","丝柳",""
"2834","2","2","丝萝",""
"2835","2","2","丝娜",""
"2836","2","2","丝琦",""
"2837","2","2","丝琪",""
"2838","2","2","丝祺",""
"2839","2","2","丝微",""
"2840","2","2","丝雨",""
"2841","2","2","司辰",""
"2842","2","2","司晨",""
"2843","2","2","思嫒",""
"2844","2","2","思宸",""
"2845","2","2","思聪",""
"2846","2","2","思迪",""
"2847","2","2","思恩",""
"2848","2","2","思凡",""
"2849","2","2","思涵",""
"2850","2","2","思慧",""
"2851","2","2","思佳",""
"2852","2","2","思嘉",""
"2853","2","2","思洁",""
"2854","2","2","思莲",""
"2855","2","2","思琳",""
"2856","2","2","思美",""
"2857","2","2","思萌",""
"2858","2","2","思敏",""
"2859","2","2","思娜",""
"2860","2","2","思楠",""
"2861","2","2","思琪",""
"2862","2","2","思若",""
"2863","2","2","思思",""
"2864","2","2","思彤",""
"2865","2","2","思溪",""
"2866","2","2","思雅",""
"2867","2","2","思怡",""
"2868","2","2","思义",""
"2869","2","2","思懿",""
"2870","2","2","思茵",""
"2871","2","2","思莹",""
"2872","2","2","思雨",""
"2873","2","2","思语",""
"2874","2","2","思云",""
"2875","2","2","斯琪",""
"2876","2","2","斯乔",""
"2877","2","2","斯斯",""
"2878","2","2","斯文",""
"2879","2","2","斯雅",""
"2880","2","2","松雪",""
"2881","2","2","松雨",""
"2882","2","2","松月",""
"2883","2","2","素华",""
"2884","2","2","素怀",""
"2885","2","2","素洁",""
"2886","2","2","素昕",""
"2887","2","2","素欣",""
"2888","2","2","棠华",""
"2889","2","2","洮洮",""
"2890","2","2","桃雨",""
"2891","2","2","陶宁",""
"2892","2","2","陶然",""
"2893","2","2","陶宜",""
"2894","2","2","天恩",""
"2895","2","2","天慧",""
"2896","2","2","天骄",""
"2897","2","2","天籁",""
"2898","2","2","天蓝",""
"2899","2","2","天睿",""
"2900","2","2","天心",""
"2901","2","2","天欣",""
"2902","2","2","天音",""
"2903","2","2","天媛",""
"2904","2","2","天悦",""
"2905","2","2","天韵",""
"2906","2","2","田然",""
"2907","2","2","田田",""
"2908","2","2","恬畅",""
"2909","2","2","恬静",""
"2910","2","2","恬美",""
"2911","2","2","恬谧",""
"2912","2","2","恬默",""
"2913","2","2","恬然",""
"2914","2","2","恬欣",""
"2915","2","2","恬雅",""
"2916","2","2","恬悦",""
"2917","2","2","甜恬",""
"2918","2","2","湉湉",""
"2919","2","2","听然",""
"2920","2","2","听云",""
"2921","2","2","婷美",""
"2922","2","2","婷然",""
"2923","2","2","婷婷",""
"2924","2","2","婷秀",""
"2925","2","2","婷玉",""
"2926","2","2","彤蕊",""
"2927","2","2","彤彤",""
"2928","2","2","彤雯",""
"2929","2","2","彤霞",""
"2930","2","2","彤云",""
"2931","2","2","桐华",""
"2932","2","2","桐欣",""
"2933","2","2","童彤",""
"2934","2","2","童童",""
"2935","2","2","童欣",""
"2936","2","2","宛儿",""
"2937","2","2","宛畅",""
"2938","2","2","宛曼",""
"2939","2","2","宛妙",""
"2940","2","2","莞尔",""
"2941","2","2","莞然",""
"2942","2","2","婉慧",""
"2943","2","2","婉静",""
"2944","2","2","婉丽",""
"2945","2","2","婉娜",""
"2946","2","2","婉清",""
"2947","2","2","婉然",""
"2948","2","2","婉容",""
"2949","2","2","婉柔",""
"2950","2","2","婉淑",""
"2951","2","2","婉秀",""
"2952","2","2","婉仪",""
"2953","2","2","婉奕",""
"2954","2","2","菀柳",""
"2955","2","2","菀菀",""
"2956","2","2","琬凝",""
"2957","2","2","琬琰",""
"2958","2","2","望慕",""
"2959","2","2","望舒",""
"2960","2","2","望雅",""
"2961","2","2","微澜",""
"2962","2","2","微婉",""
"2963","2","2","微熹",""
"2964","2","2","微月",""
"2965","2","2","薇歌",""
"2966","2","2","韦曲",""
"2967","2","2","韦柔",""
"2968","2","2","韦茹",""
"2969","2","2","苇然",""
"2970","2","2","玮奇",""
"2971","2","2","玮琪",""
"2972","2","2","玮艺",""
"2973","2","2","未央",""
"2974","2","2","蔚然",""
"2975","2","2","文惠",""
"2976","2","2","文静",""
"2977","2","2","文君",""
"2978","2","2","文丽",""
"2979","2","2","文敏",""
"2980","2","2","文墨",""
"2981","2","2","文姝",""
"2982","2","2","文思",""
"2983","2","2","文心",""
"2984","2","2","文瑶",""
"2985","2","2","文漪",""
"2986","2","2","文茵",""
"2987","2","2","雯华",""
"2988","2","2","雯丽",""
"2989","2","2","问筠",""
"2990","2","2","问梅",""
"2991","2","2","问萍",""
"2992","2","2","梧桐",""
"2993","2","2","西华",""
"2994","2","2","希月",""
"2995","2","2","希恩",""
"2996","2","2","希慕",""
"2997","2","2","希蓉",""
"2998","2","2","希彤",""
"2999","2","2","惜文",""
"3000","2","2","惜雪",""
"3001","2","2","惜玉",""
"3002","2","2","熙华",""
"3003","2","2","熙柔",""
"3004","2","2","熙熙",""
"3005","2","2","熙阳",""
"3006","2","2","熙怡",""
"3007","2","2","喜儿",""
"3008","2","2","喜悦",""
"3009","2","2","霞飞",""
"3010","2","2","霞雰",""
"3011","2","2","霞辉",""
"3012","2","2","霞绮",""
"3013","2","2","霞姝",""
"3014","2","2","霞文",""
"3015","2","2","夏菡",""
"3016","2","2","夏兰",""
"3017","2","2","夏岚",""
"3018","2","2","夏青",""
"3019","2","2","夏彤",""
"3020","2","2","夏萱",""
"3021","2","2","夏璇",""
"3022","2","2","夏雪",""
"3023","2","2","夏月",""
"3024","2","2","仙仪",""
"3025","2","2","仙媛",""
"3026","2","2","仙韵",""
"3027","2","2","闲华",""
"3028","2","2","闲静",""
"3029","2","2","闲丽",""
"3030","2","2","贤惠",""
"3031","2","2","贤淑",""
"3032","2","2","咸英",""
"3033","2","2","娴静",""
"3034","2","2","娴淑",""
"3035","2","2","娴婉",""
"3036","2","2","娴雅",""
"3037","2","2","羡丽",""
"3038","2","2","献仪",""
"3039","2","2","献玉",""
"3040","2","2","香洁",""
"3041","2","2","香梅",""
"3042","2","2","香馨",""
"3043","2","2","香雪",""
"3044","2","2","湘君",""
"3045","2","2","湘灵",""
"3046","2","2","湘云",""
"3047","2","2","向晨",""
"3048","2","2","宵晨",""
"3049","2","2","宵雨",""
"3050","2","2","宵月",""
"3051","2","2","萧曼",""
"3052","2","2","萧玉",""
"3053","2","2","箫笛",""
"3054","2","2","箫吟",""
"3055","2","2","小春",""
"3056","2","2","小枫",""
"3057","2","2","小谷",""
"3058","2","2","小楠",""
"3059","2","2","小琴",""
"3060","2","2","小雯",""
"3061","2","2","小星",""
"3062","2","2","小瑜",""
"3063","2","2","小雨",""
"3064","2","2","晓畅",""
"3065","2","2","晓凡",""
"3066","2","2","晓枫",""
"3067","2","2","晓慧",""
"3068","2","2","晓兰",""
"3069","2","2","晓莉",""
"3070","2","2","晓曼",""
"3071","2","2","晓楠",""
"3072","2","2","晓彤",""
"3073","2","2","晓桐",""
"3074","2","2","晓星",""
"3075","2","2","晓燕",""
"3076","2","2","笑寒",""
"3077","2","2","笑雯",""
"3078","2","2","笑笑",""
"3079","2","2","笑妍",""
"3080","2","2","心慈",""
"3081","2","2","心菱",""
"3082","2","2","心诺",""
"3083","2","2","心香",""
"3084","2","2","心宜",""
"3085","2","2","心怡",""
"3086","2","2","心语",""
"3087","2","2","心远",""
"3088","2","2","忻畅",""
"3089","2","2","忻欢",""
"3090","2","2","忻乐",""
"3091","2","2","忻慕",""
"3092","2","2","忻然",""
"3093","2","2","忻忻",""
"3094","2","2","忻愉",""
"3095","2","2","昕昕",""
"3096","2","2","欣彩",""
"3097","2","2","欣畅",""
"3098","2","2","欣合",""
"3099","2","2","欣嘉",""
"3100","2","2","欣可",""
"3101","2","2","欣美",""
"3102","2","2","欣然",""
"3103","2","2","欣彤",""
"3104","2","2","欣笑",""
"3105","2","2","欣欣",""
"3106","2","2","欣艳",""
"3107","2","2","欣怡",""
"3108","2","2","欣愉",""
"3109","2","2","欣悦",""
"3110","2","2","欣跃",""
"3111","2","2","莘莘",""
"3112","2","2","新洁",""
"3113","2","2","新蕾",""
"3114","2","2","新林",""
"3115","2","2","新梅",""
"3116","2","2","新美",""
"3117","2","2","新苗",""
"3118","2","2","新荣",""
"3119","2","2","新文",""
"3120","2","2","新雪",""
"3121","2","2","新雅",""
"3122","2","2","新颖",""
"3123","2","2","新雨",""
"3124","2","2","新语",""
"3125","2","2","新月",""
"3126","2","2","歆美",""
"3127","2","2","歆然",""
"3128","2","2","馨兰",""
"3129","2","2","馨荣",""
"3130","2","2","馨蓉",""
"3131","2","2","馨香",""
"3132","2","2","馨欣",""
"3133","2","2","杏儿",""
"3134","2","2","修洁",""
"3135","2","2","修美",""
"3136","2","2","修敏",""
"3137","2","2","秀华",""
"3138","2","2","秀慧",""
"3139","2","2","秀杰",""
"3140","2","2","秀洁",""
"3141","2","2","秀娟",""
"3142","2","2","秀隽",""
"3143","2","2","秀筠",""
"3144","2","2","秀兰",""
"3145","2","2","秀丽",""
"3146","2","2","秀曼",""
"3147","2","2","秀梅",""
"3148","2","2","秀美",""
"3149","2","2","秀媚",""
"3150","2","2","秀敏",""
"3151","2","2","秀妮",""
"3152","2","2","秀婉",""
"3153","2","2","秀雅",""
"3154","2","2","秀艳",""
"3155","2","2","秀逸",""
"3156","2","2","秀英",""
"3157","2","2","秀颖",""
"3158","2","2","秀媛",""
"3159","2","2","秀越",""
"3160","2","2","秀竹",""
"3161","2","2","绣文",""
"3162","2","2","绣梓",""
"3163","2","2","琇芳",""
"3164","2","2","琇芬",""
"3165","2","2","琇晶",""
"3166","2","2","琇莹",""
"3167","2","2","琇云",""
"3168","2","2","轩秀",""
"3169","2","2","萱彤",""
"3170","2","2","暄和",""
"3171","2","2","暄美",""
"3172","2","2","暄妍",""
"3173","2","2","玄静",""
"3174","2","2","玄穆",""
"3175","2","2","玄清",""
"3176","2","2","玄素",""
"3177","2","2","玄雅",""
"3178","2","2","璇玑",""
"3179","2","2","璇娟",""
"3180","2","2","璇珠",""
"3181","2","2","璇子",""
"3182","2","2","雪冰",""
"3183","2","2","雪儿",""
"3184","2","2","雪帆",""
"3185","2","2","雪枫",""
"3186","2","2","雪卉",""
"3187","2","2","雪翎",""
"3188","2","2","雪柳",""
"3189","2","2","雪曼",""
"3190","2","2","雪漫",""
"3191","2","2","雪萍",""
"3192","2","2","雪晴",""
"3193","2","2","雪艳",""
"3194","2","2","雪羽",""
"3195","2","2","寻春",""
"3196","2","2","寻芳",""
"3197","2","2","雅爱",""
"3198","2","2","雅安",""
"3199","2","2","雅唱",""
"3200","2","2","雅丹",""
"3201","2","2","雅凡",""
"3202","2","2","雅歌",""
"3203","2","2","雅惠",""
"3204","2","2","雅洁",""
"3205","2","2","雅静",""
"3206","2","2","雅隽",""
"3207","2","2","雅可",""
"3208","2","2","雅丽",""
"3209","2","2","雅美",""
"3210","2","2","雅楠",""
"3211","2","2","雅宁",""
"3212","2","2","雅萍",""
"3213","2","2","雅琴",""
"3214","2","2","雅容",""
"3215","2","2","雅柔",""
"3216","2","2","雅蕊",""
"3217","2","2","雅韶",""
"3218","2","2","雅诗",""
"3219","2","2","雅素",""
"3220","2","2","雅彤",""
"3221","2","2","雅娴",""
"3222","2","2","雅秀",""
"3223","2","2","雅艳",""
"3224","2","2","雅逸",""
"3225","2","2","雅懿",""
"3226","2","2","雅云",""
"3227","2","2","雅韵",""
"3228","2","2","雅致",""
"3229","2","2","娅芳",""
"3230","2","2","娅静",""
"3231","2","2","娅玟",""
"3232","2","2","娅楠",""
"3233","2","2","娅思",""
"3234","2","2","娅童",""
"3235","2","2","娅欣",""
"3236","2","2","嫣然",""
"3237","2","2","妍芳",""
"3238","2","2","妍歌",""
"3239","2","2","妍和",""
"3240","2","2","妍丽",""
"3241","2","2","妍雅",""
"3242","2","2","妍妍",""
"3243","2","2","芫华",""
"3244","2","2","言文",""
"3245","2","2","言心",""
"3246","2","2","俨雅",""
"3247","2","2","琰琬",""
"3248","2","2","彦红",""
"3249","2","2","彦慧",""
"3250","2","2","彦珺",""
"3251","2","2","彦灵",""
"3252","2","2","彦露",""
"3253","2","2","彦杉",""
"3254","2","2","彦芝",""
"3255","2","2","晏静",""
"3256","2","2","晏然",""
"3257","2","2","晏如",""
"3258","2","2","艳芳",""
"3259","2","2","艳卉",""
"3260","2","2","艳蕙",""
"3261","2","2","燕桦",""
"3262","2","2","燕珺",""
"3263","2","2","燕岚",""
"3264","2","2","燕楠",""
"3265","2","2","燕妮",""
"3266","2","2","燕婉",""
"3267","2","2","燕舞",""
"3268","2","2","燕子",""
"3269","2","2","阳霁",""
"3270","2","2","阳兰",""
"3271","2","2","阳曦",""
"3272","2","2","阳阳",""
"3273","2","2","杨柳",""
"3274","2","2","洋然",""
"3275","2","2","洋洋",""
"3276","2","2","漾漾",""
"3277","2","2","瑶岑",""
"3278","2","2","瑶瑾",""
"3279","2","2","野雪",""
"3280","2","2","野云",""
"3281","2","2","叶春",""
"3282","2","2","叶丹",""
"3283","2","2","叶帆",""
"3284","2","2","叶芳",""
"3285","2","2","叶飞",""
"3286","2","2","叶丰",""
"3287","2","2","叶吉",""
"3288","2","2","叶嘉",""
"3289","2","2","叶农",""
"3290","2","2","叶彤",""
"3291","2","2","叶舞",""
"3292","2","2","叶欣",""
"3293","2","2","晔晔",""
"3294","2","2","一凡",""
"3295","2","2","一禾",""
"3296","2","2","一嘉",""
"3297","2","2","一瑾",""
"3298","2","2","一南",""
"3299","2","2","一雯",""
"3300","2","2","一璇",""
"3301","2","2","依白",""
"3302","2","2","依波",""
"3303","2","2","依美",""
"3304","2","2","依楠",""
"3305","2","2","依秋",""
"3306","2","2","依然",""
"3307","2","2","依珊",""
"3308","2","2","依童",""
"3309","2","2","依心",""
"3310","2","2","依云",""
"3311","2","2","仪芳",""
"3312","2","2","仪文",""
"3313","2","2","宜春",""
"3314","2","2","宜嘉",""
"3315","2","2","宜楠",""
"3316","2","2","宜然",""
"3317","2","2","宜欣",""
"3318","2","2","怡畅",""
"3319","2","2","怡和",""
"3320","2","2","怡嘉",""
"3321","2","2","怡乐",""
"3322","2","2","怡璐",""
"3323","2","2","怡木",""
"3324","2","2","怡宁",""
"3325","2","2","怡然",""
"3326","2","2","怡月",""
"3327","2","2","怡悦",""
"3328","2","2","颐和",""
"3329","2","2","颐然",""
"3330","2","2","颐真",""
"3331","2","2","以晴",""
"3332","2","2","以蕊",""
"3333","2","2","以彤",""
"3334","2","2","以欣",""
"3335","2","2","以轩",""
"3336","2","2","佁然",""
"3337","2","2","倚云",""
"3338","2","2","忆安",""
"3339","2","2","忆梅",""
"3340","2","2","忆敏",""
"3341","2","2","忆秋",""
"3342","2","2","忆然",""
"3343","2","2","忆彤",""
"3344","2","2","忆雪",""
"3345","2","2","忆远",""
"3346","2","2","怿悦",""
"3347","2","2","奕叶",""
"3348","2","2","奕奕",""
"3349","2","2","轶丽",""
"3350","2","2","逸丽",""
"3351","2","2","逸美",""
"3352","2","2","逸思",""
"3353","2","2","逸馨",""
"3354","2","2","逸秀",""
"3355","2","2","逸雅",""
"3356","2","2","逸云",""
"3357","2","2","逸致",""
"3358","2","2","茵茵",""
"3359","2","2","音华",""
"3360","2","2","音景",""
"3361","2","2","音仪",""
"3362","2","2","音悦",""
"3363","2","2","音韵",""
"3364","2","2","吟怀",""
"3365","2","2","银河",""
"3366","2","2","银柳",""
"3367","2","2","银瑶",""
"3368","2","2","饮香",""
"3369","2","2","饮月",""
"3370","2","2","胤文",""
"3371","2","2","胤雅",""
"3372","2","2","英华",""
"3373","2","2","英慧",""
"3374","2","2","英楠",""
"3375","2","2","英秀",""
"3376","2","2","英媛",""
"3377","2","2","莺莺",""
"3378","2","2","莺语",""
"3379","2","2","莺韵",""
"3380","2","2","瑛琭",""
"3381","2","2","瑛瑶",""
"3382","2","2","樱花",""
"3383","2","2","璎玑",""
"3384","2","2","迎梅",""
"3385","2","2","迎秋",""
"3386","2","2","盈盈",""
"3387","2","2","莹白",""
"3388","2","2","莹华",""
"3389","2","2","莹洁",""
"3390","2","2","莹然",""
"3391","2","2","莹琇",""
"3392","2","2","莹莹",""
"3393","2","2","莹玉",""
"3394","2","2","萦怀",""
"3395","2","2","萦思",""
"3396","2","2","萦心",""
"3397","2","2","滢渟",""
"3398","2","2","滢滢",""
"3399","2","2","颖初",""
"3400","2","2","颖慧",""
"3401","2","2","颖然",""
"3402","2","2","颖馨",""
"3403","2","2","颖秀",""
"3404","2","2","颖颖",""
"3405","2","2","映波",""
"3406","2","2","映寒",""
"3407","2","2","映秋",""
"3408","2","2","映雪",""
"3409","2","2","雍恬",""
"3410","2","2","雍雅",""
"3411","2","2","优乐",""
"3412","2","2","优扬",""
"3413","2","2","优悠",""
"3414","2","2","优瑗",""
"3415","2","2","优悦",""
"3416","2","2","攸然",""
"3417","2","2","悠柔",""
"3418","2","2","悠素",""
"3419","2","2","悠婉",""
"3420","2","2","悠馨",""
"3421","2","2","悠雅",""
"3422","2","2","悠奕",""
"3423","2","2","悠逸",""
"3424","2","2","幼安",""
"3425","2","2","幼仪",""
"3426","2","2","幼怡",""
"3427","2","2","余馥",""
"3428","2","2","余妍",""
"3429","2","2","愉婉",""
"3430","2","2","愉心",""
"3431","2","2","瑜蓓",""
"3432","2","2","瑜璟",""
"3433","2","2","瑜敏",""
"3434","2","2","瑜然",""
"3435","2","2","瑜英",""
"3436","2","2","羽彤",""
"3437","2","2","雨筠",""
"3438","2","2","雨彤",""
"3439","2","2","雨燕",""
"3440","2","2","雨竹",""
"3441","2","2","语冰",""
"3442","2","2","语林",""
"3443","2","2","语诗",""
"3444","2","2","语彤",""
"3445","2","2","语心",""
"3446","2","2","语燕",""
"3447","2","2","玉琲",""
"3448","2","2","玉华",""
"3449","2","2","玉环",""
"3450","2","2","玉瑾",""
"3451","2","2","玉珂",""
"3452","2","2","玉兰",""
"3453","2","2","玉轩",""
"3454","2","2","玉怡",""
"3455","2","2","玉英",""
"3456","2","2","元英",""
"3457","2","2","爰美",""
"3458","2","2","爰爰",""
"3459","2","2","源源",""
"3460","2","2","远悦",""
"3461","2","2","媛女",""
"3462","2","2","月桂",""
"3463","2","2","月华",""
"3464","2","2","月朗",""
"3465","2","2","月灵",""
"3466","2","2","月明",""
"3467","2","2","月杉",""
"3468","2","2","月桃",""
"3469","2","2","月天",""
"3470","2","2","月怡",""
"3471","2","2","月悦",""
"3472","2","2","悦爱",""
"3473","2","2","悦畅",""
"3474","2","2","悦和",""
"3475","2","2","悦恺",""
"3476","2","2","悦可",""
"3477","2","2","悦来",""
"3478","2","2","悦乐",""
"3479","2","2","悦人",""
"3480","2","2","悦喜",""
"3481","2","2","悦心",""
"3482","2","2","悦欣",""
"3483","2","2","悦宜",""
"3484","2","2","悦怡",""
"3485","2","2","悦远",""
"3486","2","2","悦媛",""
"3487","2","2","云淡",""
"3488","2","2","云飞",""
"3489","2","2","云岚",""
"3490","2","2","云露",""
"3491","2","2","云梦",""
"3492","2","2","云韶",""
"3493","2","2","云水",""
"3494","2","2","云亭",""
"3495","2","2","云蔚",""
"3496","2","2","云溪",""
"3497","2","2","云霞",""
"3498","2","2","云心",""
"3499","2","2","云英",""
"3500","2","2","芸芸",""
"3501","2","2","韫素",""
"3502","2","2","韫玉",""
"3503","2","2","韵流",""
"3504","2","2","韵梅",""
"3505","2","2","韵宁",""
"3506","2","2","韵磬",""
"3507","2","2","韵诗",""
"3508","2","2","蕴涵",""
"3509","2","2","蕴和",""
"3510","2","2","蕴美",""
"3511","2","2","蕴秀",""
"3512","2","2","赞怡",""
"3513","2","2","赞悦",""
"3514","2","2","泽恩",""
"3515","2","2","泽惠",""
"3516","2","2","湛恩",""
"3517","2","2","湛芳",""
"3518","2","2","湛静",""
"3519","2","2","昭懿",""
"3520","2","2","昭昭",""
"3521","2","2","哲丽",""
"3522","2","2","哲美",""
"3523","2","2","哲思",""
"3524","2","2","哲妍",""
"3525","2","2","贞芳",""
"3526","2","2","贞静",""
"3527","2","2","贞婉",""
"3528","2","2","贞怡",""
"3529","2","2","贞韵",""
"3530","2","2","珍丽",""
"3531","2","2","珍瑞",""
"3532","2","2","真洁",""
"3533","2","2","真如",""
"3534","2","2","真茹",""
"3535","2","2","真一",""
"3536","2","2","真仪",""
"3537","2","2","正平",""
"3538","2","2","正清",""
"3539","2","2","正思",""
"3540","2","2","正雅",""
"3541","2","2","之桃",""
"3542","2","2","芝兰",""
"3543","2","2","芝英",""
"3544","2","2","芝宇",""
"3545","2","2","知慧",""
"3546","2","2","知睿",""
"3547","2","2","芷兰",""
"3548","2","2","芷琪",""
"3549","2","2","芷若",""
"3550","2","2","芷文",""
"3551","2","2","致欣",""
"3552","2","2","致萱",""
"3553","2","2","智美",""
"3554","2","2","智敏",""
"3555","2","2","仲舒",""
"3556","2","2","珠佩",""
"3557","2","2","珠星",""
"3558","2","2","珠轩",""
"3559","2","2","珠雨",""
"3560","2","2","珠玉",""
"3561","2","2","竹筱",""
"3562","2","2","竹萱",""
"3563","2","2","竹雨",""
"3564","2","2","竹月",""
"3565","2","2","竹悦",""
"3566","2","2","竹韵",""
"3567","2","2","庄静",""
"3568","2","2","庄丽",""
"3569","2","2","庄雅",""
"3570","2","2","卓然",""
"3571","2","2","卓逸",""
"3572","2","2","子爱",""
"3573","2","2","子丹",""
"3574","2","2","子帆",""
"3575","2","2","子凡",""
"3576","2","2","子菡",""
"3577","2","2","子怀",""
"3578","2","2","子惠",""
"3579","2","2","子蕙",""
"3580","2","2","子琳",""
"3581","2","2","子美",""
"3582","2","2","子楠",""
"3583","2","2","子宁",""
"3584","2","2","子舒",""
"3585","2","2","子童",""
"3586","2","2","子薇",""
"3587","2","2","子欣",""
"3588","2","2","子萱",""
"3589","2","2","子璇",""
"3590","2","2","子怡",""
"3591","2","2","子亦",""
"3592","2","2","子悦",""
"3593","2","2","子珍",""
"3594","2","2","梓蓓",""
"3595","2","2","梓涵",""
"3596","2","2","梓洁",""
"3597","2","2","梓菱",""
"3598","2","2","梓露",""
"3599","2","2","梓璐",""
"3600","2","2","梓美",""
"3601","2","2","梓敏",""
"3602","2","2","梓楠",""
"3603","2","2","梓倩",""
"3604","2","2","梓柔",""
"3605","2","2","梓珊",""
"3606","2","2","梓舒",""
"3607","2","2","梓婷",""
"3608","2","2","梓彤",""
"3609","2","2","梓童",""
"3610","2","2","梓琬",""
"3611","2","2","梓欣",""
"3612","2","2","梓馨",""
"3613","2","2","梓萱",""
"3614","2","2","梓瑶",""
"3615","2","2","梓莹",""
"3616","2","2","梓颖",""
"3617","2","2","梓榆",""
"3618","2","2","梓玥",""
"3619","2","2","梓云",""
"3620","2","2","紫蕙",""
"3621","2","2","紫琼",""
"3622","2","2","紫杉",""
"3623","2","2","紫桐",""
"3624","2","2","紫薇",""
"3625","2","2","紫玉",""
